duration,protocol,src_bytes,dst_bytes,packets,src_port,dst_port,failed_logins,label
0.0,0,12793,137,159,4417,3389,10,1
6.045564418574688,0,1913,3714,28,22,22,0,0
0.0,2,9455,48,50,36931,8080,12,1
4.68582568925169,0,3046,4449,54,30599,80,0,0
2.5009764722651893,2,79466,37,151,29392,3389,3,1
16.002151554732666,0,2919,4275,54,22,443,1,0
31.1061435410427,0,668,1284,21,22,443,0,0
4.901575569402475,2,33866,80,5,18442,21,6,1
6.313819816970465,1,2072,1071,37,22,443,0,0
6.460476681710826,0,18143,72,57,5609,445,5,1
0.0,0,22266,251,5,51735,8080,9,1
15.571967490103859,1,1265,5689,23,22,80,0,0
24.1178271306876,0,510,2239,14,22,22,0,0
29.46703669882737,1,3804,1584,50,443,53,0,0
0.0,2,7091,54,175,53950,139,10,1
31.650207363354582,1,6535,3437,3,80,80,0,0
27.565015097806782,1,3061,607,29,22,80,1,0
17.231577206222685,1,316,3233,19,443,80,0,0
0.8287835694236083,2,2928,20,154,33469,3389,7,1
1.801936787911489,2,17219,94,158,63583,21,9,1
27.142118290946243,1,2294,1942,42,80,22,0,0
3.3136298417635537,0,3735,4455,54,46648,443,0,0
29.71501557991757,1,1512,2381,67,80,443,0,0
1.5407620730826737,2,11659,58,276,23040,135,11,1
1.2903317540727954,1,1166,1014,49,80,80,0,0
9.63429121688441,1,7674,388,309,8359,139,4,1
5.788954355165148,2,15518,187,170,10498,25,4,1
5.39806672521148,1,3144,8160,20,80,22,0,0
9.58713819081121,1,2045,2208,57,443,80,0,0
7.41338310305718,0,1952,983,45,61600,443,0,0
20.402500593093553,0,1721,3896,6,24398,80,0,0
16.83166732344063,0,1402,3872,31,80,22,0,0
0.0,1,1187,806,23,443,53,0,0
8.451914901499812,2,44539,284,11,58616,3389,11,1
15.396435613776145,0,882,6391,37,443,22,0,0
14.347749309724412,1,2045,3315,69,31113,80,0,0
12.96955224724248,0,7299,89,228,52761,135,10,1
12.60959829353882,0,1444,6696,44,443,443,0,0
32.19160295131823,0,764,4856,55,22,53,0,0
26.69308274228208,2,886,3180,20,443,443,0,0
35.60024576779927,1,3957,1601,47,443,53,0,0
23.479473356339852,1,1216,8585,51,22,80,0,0
13.806309684337867,0,415,1210,39,22,53,0,0
21.17232168432395,1,324,2995,32,80,443,0,0
0.3789474158349151,0,1403,4270,54,29851,443,0,0
26.14928347697427,0,2004,2622,37,443,80,0,0
0.27023252463985337,2,28984,175,5,22687,8080,12,1
18.047869775563232,0,1490,3886,40,5441,22,0,0
0.0,1,57528,94,383,10126,8080,6,1
17.158097570092554,0,1168,10981,69,443,443,0,0
17.101617375401162,0,2361,2902,31,443,443,1,0
10.48068028769516,2,35282,47,60,50685,445,11,1
7.7756165085965705,0,2333,1698,43,80,53,0,0
5.950495590955824,2,152735,64,177,51339,8080,8,1
11.629632592285294,0,2069,3550,29,80,53,0,0
6.214571492270066,0,6610,210,181,19013,139,5,1
18.035023983750452,2,636,2335,17,443,22,0,0
22.96941292764929,0,3156,7677,21,443,443,0,0
0.0,2,174859,106,227,33998,25,12,1
25.82853977953602,0,631,7072,32,1729,22,0,0
10.291281098013842,1,3362,2565,57,8093,443,0,0
4.127126673484524,1,1456,1523,25,80,443,0,0
21.74670066614507,0,5653,2273,39,61190,443,0,0
14.608922805495363,0,545,3419,29,22,22,0,0
4.606918221807481,0,1153,4989,39,80,22,0,0
26.915413319001612,0,1264,3192,45,443,80,0,0
27.605312318750563,0,683,8378,32,80,80,0,0
3.8292122607824144,1,468,5394,21,80,443,0,0
12.168708463110608,1,511,1584,51,443,22,0,0
20.670903742184294,0,3355,3842,37,41785,80,0,0
21.838113904755808,0,1825,3373,4,443,443,1,0
0.8722941474081414,2,59785,91,256,4064,25,12,1
4.52737695403982,2,19656,40,200,25928,21,12,1
4.307171061325978,1,7626,43,154,43509,23,6,1
14.54743657042916,2,705,1876,28,50775,443,1,0
11.237001900814569,0,1540,11088,42,53146,53,1,0
6.527929270170855,0,69188,130,134,21411,3389,3,1
0.0,0,15698,44,33,53385,23,12,1
0.0,1,21953,48,191,22731,21,7,1
3.0839080831344856,2,3005,146,333,53661,21,2,1
0.0,0,35613,235,181,46296,25,11,1
2.627905220593532,2,23994,105,54,55531,23,10,1
9.383239455974723,0,1309,14383,76,443,80,0,0
6.117041877609758,2,8429,58,301,46953,139,4,1
10.50821531112777,1,10820,44,149,1615,445,2,1
25.376059694248973,0,1363,2898,18,32146,22,0,0
0.0,1,23408,27,139,13759,3389,8,1
7.99346435711978,1,3339,2042,39,80,22,0,0
3.3825897740732076,0,7604,246,157,28172,21,9,1
0.0,2,18735,457,264,37695,445,10,1
22.24097119887103,2,4411,3766,46,443,22,1,0
13.43318965636442,1,2129,5307,40,59940,80,0,0
6.519825765985096,1,15275,236,298,46094,25,2,1
22.8270430512202,1,401,4422,29,80,443,0,0
28.753880858129058,1,1418,1726,37,23171,53,0,0
18.389731520716566,0,570,6491,30,12866,443,1,0
0.14294517241093274,2,17646,33,30,21809,21,5,1
3.014699908133313,0,2796,65,61,51840,135,5,1
12.10926827387883,1,993,2656,41,80,22,0,0
23.927300795511435,0,2655,3476,53,443,22,0,0
1.5832172106673095,0,4915,161,107,44053,23,8,1
18.238483544559315,0,968,6796,6,43737,80,1,0
15.723654229544492,1,1213,1982,13,8323,22,0,0
23.560178607836598,0,835,1492,34,22,80,0,0
1.3645797992303663,0,1608,4494,50,443,443,0,0
1.023886369821053,0,506,5220,23,443,22,0,0
1.251695782284467,2,13972,80,198,37440,8080,8,1
25.466601650963447,0,652,3918,52,80,80,0,0
27.776995203699485,1,924,1134,29,22,443,0,0
17.160946202420934,0,797,2070,30,22,80,2,0
0.0,2,54603,291,266,41585,25,11,1
15.940669231554317,1,846,1490,38,443,443,0,0
0.0,2,50262,89,182,25337,445,11,1
7.033555503901137,0,15154,98,251,47921,23,12,1
36.85247893957575,0,2681,1726,30,80,443,0,0
3.124168050243418,2,41528,44,117,34898,23,10,1
25.921447409497908,0,379,21333,36,22,80,0,0
11.594980968194566,0,834,3927,30,22,80,0,0
27.05394046993916,0,1084,3797,45,13256,80,0,0
0.0,2,4914,45,293,1414,21,2,1
4.963160158708494,2,2740,90,62,26510,139,5,1
16.778973346031087,1,11197,7785,53,22,22,0,0
14.749963338751883,0,1833,7778,41,443,80,0,0
9.536860515806621,0,347,3169,44,443,80,0,0
34.527772204131935,0,3226,1696,34,63899,80,0,0
4.0043609827660624,0,15252,91,53,24553,445,3,1
2.3523174203278048,2,68436,22,268,40740,135,2,1
31.452278221869435,0,880,2359,18,80,80,0,0
17.504490405730706,0,614,3818,39,22,80,1,0
26.37699917590627,0,317,4021,47,80,80,0,0
0.6879156247459974,1,1601,20,48,2833,8080,8,1
5.485233665323889,0,2307,21374,49,30127,22,0,0
0.5628998732138641,0,3927,157,230,45306,8080,6,1
0.17625294699418959,0,2524,9127,17,43682,80,0,0
21.926415131897233,0,1244,2116,40,443,53,0,0
17.519298516048995,1,309,1977,49,22,80,0,0
9.154430052787907,1,1910,2739,52,443,443,0,0
6.105167033031872,1,1229,5816,34,32675,443,0,0
29.95624980300364,0,947,4587,42,60590,443,0,0
0.0,0,3596,461,68,28129,3389,10,1
5.3379390168234515,0,107800,122,32,35601,139,4,1
14.438772314713292,1,1260,2386,24,61786,53,0,0
4.5399666449826555,2,9586,42,53,47031,23,11,1
0.0,2,33564,73,181,39676,21,7,1
6.038500288692145,1,12201,123,284,33221,445,6,1
11.037837239661098,1,2127,4307,27,38566,22,0,0
4.761377502342226,2,34739,115,337,60422,139,4,1
0.0,2,22792,89,22,6936,23,5,1
0.0,1,6501,34,403,28124,3389,7,1
14.903614267791788,0,1295,2002,57,80,22,0,0
0.7499210106242766,2,6655,55,344,31001,139,2,1
1.2080926778802763,2,26780,53,159,1639,445,11,1
5.4072625611527965,0,2253,4505,59,12924,80,0,0
0.0,0,9324,20,56,12881,139,10,1
11.599424711341113,0,693,1704,30,443,443,0,0
0.0,1,2512,78,292,15292,445,5,1
34.00755332609805,0,1390,1150,33,55987,22,0,0
1.1763006075086164,2,23752,20,270,3962,23,2,1
16.61084838963603,0,2166,1708,9,443,22,0,0
0.0,2,8565,48,115,46571,21,3,1
24.073766459524542,0,822,4245,26,443,443,0,0
3.3598798404273333,0,3904,44,170,28538,3389,3,1
16.44785287753716,0,499,2502,27,22,80,0,0
26.319559763749044,0,1085,7091,56,22,80,0,0
4.879472280747304,0,789,8121,24,443,53,0,0
25.517624993212575,1,1270,4249,34,22,443,0,0
27.501616946381105,2,1330,3024,26,22,53,0,0
6.263180649751513,2,27679,36,180,49686,23,6,1
0.0,2,7815,72,200,38746,3389,7,1
22.566105755585518,0,4010,6115,51,22,80,0,0
1.3145488528517257,1,4621,22,257,35212,8080,10,1
0.7956185176767985,1,22095,20,268,7389,21,2,1
20.29298569139841,0,548,5179,47,443,443,0,0
27.230136906983795,0,582,1062,48,80,22,0,0
4.546970298328828,2,41672,969,112,3374,8080,11,1
15.46333264762478,0,1230,4102,37,22,443,0,0
0.8245708278812063,1,31721,35,180,20942,21,3,1
32.35330228576274,0,933,2460,37,22,443,0,0
4.71671327442446,0,743,8672,43,12557,53,0,0
19.01016429492083,0,1331,4258,42,9700,53,0,0
11.154721893608363,0,714,922,30,62162,53,0,0
8.972957828802222,0,6844,223,300,48076,135,5,1
2.7891902381783353,2,5785,127,47,57260,25,5,1
6.150759742676975,1,3829,151,192,29173,21,2,1
7.150823940039942,0,2585,1460,55,22,53,1,0
26.448580257799215,0,1601,917,63,443,80,0,0
10.963921858777434,0,2888,2229,42,22,22,0,0
0.0,2,26080,185,248,7266,23,6,1
35.51831875290741,0,1702,1449,37,22,22,0,0
0.0,1,1220,1403,11,80,53,0,0
23.63744233126961,0,1337,16297,26,443,443,0,0
14.484665433922647,1,887,3306,57,21579,80,0,0
0.0,1,7055,71,104,2732,445,2,1
9.728183175304196,0,6104,5800,40,8630,443,0,0
22.007109548502644,0,1139,1010,16,443,443,2,0
5.477032045232757,2,30253,93,33,61119,8080,10,1
17.23854041643845,0,567,2466,44,443,22,0,0
5.857622881297945,1,8053,149,176,49847,21,8,1
24.855665244107072,0,1415,2180,26,22,22,0,0
19.172286744901164,0,1214,7547,39,10928,80,0,0
18.593251850076072,0,3628,9051,42,16850,22,0,0
1.4628471736108126,2,11430,166,43,34983,21,10,1
28.038790785533962,1,4590,4974,44,80,80,0,0
2.341818623993818,2,14038,20,147,34133,445,9,1
0.0,0,83268,271,5,40232,8080,11,1
1.022965292387365,1,1546,3775,9,22,53,0,0
6.44560340629325,2,29284,22,86,1011,135,10,1
7.946725345514747,2,5994,144,140,53011,21,7,1
37.81037159194295,0,844,6305,28,58146,53,0,0
1.548047819757164,0,26703,254,292,16824,3389,9,1
7.5528426144905065,1,24713,61,169,39384,23,9,1
16.43038632692854,0,1494,7012,47,22,80,0,0
12.899463921529506,2,718,6383,41,54981,80,1,0
0.5089806308299152,2,17598,99,247,18103,25,5,1
21.814562305582427,0,4563,3839,25,33438,443,0,0
17.534008550123872,0,714,1879,42,80,80,0,0
30.275198907206544,1,1675,7900,24,22,22,0,0
11.509359853656347,0,1814,4057,54,22,22,0,0
0.0,2,157165,81,315,52690,23,2,1
2.762174670848669,2,9788,86,172,16628,3389,11,1
21.943762380109437,0,309,4656,43,443,80,0,0
16.62475951038592,0,2684,2354,35,12921,53,0,0
9.49713165656133,0,2104,3660,65,3085,22,2,0
2.9885961988460217,2,4146,26,159,32649,8080,5,1
23.403787534055603,0,1068,18023,28,443,53,0,0
21.077344071527474,0,1769,3550,47,55529,80,0,0
20.040535096156425,0,859,7373,38,22,53,1,0
8.27588968893981,2,11613,71,55,39130,3389,4,1
12.546619638810103,0,1338,2557,5,43440,22,0,0
5.915824131824332,0,5647,1528,18,3065,53,0,0
46.83273286483003,0,7708,2608,35,27099,443,0,0
3.3711152301391487,2,7392,295,158,57218,23,2,1
3.697406340795286,1,8932,466,162,54306,21,8,1
26.23061850550103,0,1505,3980,43,7380,443,0,0
18.75066678370035,0,4653,3717,72,22,22,0,0
10.86023686577634,1,1685,1889,34,80,443,0,0
22.561696724087447,0,1225,3783,41,80,53,0,0
17.422876302498796,0,1146,5465,35,9703,80,0,0
2.836711726092424,2,15783,101,270,51635,139,8,1
39.07870659657221,0,1071,1066,30,443,22,0,0
2.098053149107648,0,5322,22,116,20010,21,4,1
35.59599854053434,1,1542,1601,13,443,443,0,0
6.2167891834364495,2,4036,132,148,9362,25,12,1
1.0361177321645987,2,6871,309,32,58211,445,5,1
15.606926807169538,1,1023,3310,9,80,80,0,0
0.0,0,1096,5022,33,22,53,0,0
13.638107083221298,0,732,637,46,80,443,1,0
11.130770436289367,0,2182,1109,24,443,80,0,0
19.96609304128285,0,691,2187,34,51225,80,0,0
0.0,2,3881,72,66,32878,3389,12,1
24.07255037282789,1,384,1790,60,80,22,0,0
9.432861611000838,0,2086,1866,56,80,22,0,0
40.9699543975314,0,1065,6572,59,28151,443,0,0
11.582430266442254,0,176,7312,21,443,80,0,0
0.0,2,6823,59,206,64233,135,2,1
3.9097062867245826,0,2707,102,102,22909,8080,7,1
3.704663818932473,2,7146,29,264,788,23,8,1
0.2529380782744717,2,3297,76,226,1966,139,9,1
3.8037804393080394,1,120788,36,191,54347,445,8,1
4.058803227753447,1,27355,163,323,41078,3389,7,1
28.912327176490216,0,1697,2866,55,443,443,1,0
22.698088040907447,2,1994,6200,40,80,53,0,0
9.123310089973058,1,1274,5082,56,80,443,0,0
13.401189046261017,1,720,12080,38,443,22,0,0
30.00177564413572,0,1487,2990,29,443,80,0,0
3.0011915224422787,1,35291,353,535,38952,3389,2,1
0.0,1,35979,58,190,34326,445,12,1
0.0,2,4106,34,287,51649,3389,12,1
3.9086281583442664,0,5271,82,212,17157,3389,3,1
14.941565584861664,0,1835,4900,43,443,53,1,0
5.703498450197092,1,5839,102,171,27656,445,9,1
2.2075655255360918,0,660,2503,43,80,53,0,0
0.0,2,67248,79,86,56563,139,11,1
21.421977383750733,0,1840,2660,41,55432,443,0,0
21.00317445772235,1,2277,3783,34,443,80,0,0
17.890576263520533,0,1178,21250,43,443,22,0,0
6.887723196364912,2,3242,70,197,60830,135,5,1
20.487848541659744,0,2177,2177,47,1821,22,0,0
12.364135039228053,0,1746,922,39,27813,22,0,0
14.6774916565182,0,1059,4646,36,54531,443,0,0
33.00156696994736,0,2895,5028,65,80,443,0,0
45.1469647182839,0,3205,4721,23,80,53,1,0
2.4843276180304343,0,523,4726,20,443,53,0,0
9.979237094663382,0,404,6465,16,80,22,1,0
12.030089675001209,2,1102,3118,39,22,22,0,0
11.27887965764667,2,6080,95,96,55820,25,9,1
30.309409725605526,0,2853,1297,32,80,53,0,0
4.118429746695875,2,54167,38,158,950,135,5,1
18.89764302380942,1,882,2422,47,443,53,0,0
20.799181910736493,0,2207,2047,25,9557,53,0,0
0.0,2,8079,139,105,33636,445,8,1
4.828812191438198,2,3179,119,225,48891,445,3,1
14.363369620146006,0,1900,24572,37,20625,80,0,0
6.993608342981236,0,636,4450,55,443,53,0,0
5.306170900523212,0,9442,69,242,11541,3389,8,1
3.303602172684063,1,31432,108,147,51774,135,6,1
17.662408061135995,0,1950,2450,7,25531,53,0,0
0.6311506363540977,2,11391,20,146,40589,8080,6,1
0.0,1,100035,60,244,2414,3389,12,1
12.7833699918821,1,1005,1854,45,54426,22,0,0
10.059802290550888,0,1409,1241,64,22,53,0,0
15.68910155198774,0,778,2838,32,22,53,1,0
26.709621369235663,0,583,2670,37,443,443,0,0
3.8113854733839876,1,1980,2773,34,80,80,0,0
2.379260063194205,2,10249,30,25,19452,135,4,1
13.957155979645623,0,185,4394,49,80,22,0,0
29.152502017329127,0,3553,4933,28,80,80,0,0
13.877404408202759,0,696,2431,35,46998,80,0,0
42.442059959814344,0,1223,2790,14,12498,22,0,0
0.9873787126933316,2,1088,10148,39,443,53,0,0
6.720223075223235,0,756,1066,38,443,22,0,0
18.266990004758856,0,2633,1627,32,80,22,1,0
18.94981836862529,0,478,793,38,22,53,0,0
0.9694312712240154,0,47656,198,249,56338,3389,10,1
34.18213014987261,0,1422,1704,13,22,443,0,0
0.0,2,18799,107,261,47358,21,2,1
20.140839048324935,0,945,1716,17,80,53,0,0
4.086021721782856,1,4795,75,254,57819,445,4,1
2.0465446955259554,2,9214,226,284,13204,21,10,1
30.81704630075164,0,653,17883,27,22,443,0,0
16.101146472789598,1,3238,10619,19,80,80,0,0
26.22600493539826,1,747,7181,21,22,53,0,0
1.6538764973828717,0,72803,81,74,55462,139,11,1
9.533854607722425,2,1602,34,274,22022,23,8,1
1.1372040028592636,0,1542,2106,59,80,22,0,0
18.83646977138899,0,2628,1733,39,80,22,0,0
22.364347680882844,0,812,1769,21,443,80,0,0
5.523077196831611,2,26800,20,181,44592,135,11,1
1.642796257062171,2,49686,43,154,25197,139,9,1
5.943899934480705,2,11135,113,222,26357,135,6,1
37.641950565234694,1,2002,2205,18,22,443,0,0
19.540047418419604,0,408,2302,19,80,22,0,0
3.889431919347329,2,2932,571,74,64979,25,8,1
14.880364856628418,0,1557,5130,19,45276,53,0,0
29.220207068158988,2,1862,1274,18,443,443,0,0
0.0,1,3697,148,117,2825,139,11,1
0.0,0,19760,107,443,43347,25,9,1
15.421442171377722,2,1209,1686,5,443,22,0,0
6.219302517983755,2,6310,83,190,36794,3389,12,1
19.717348750488913,0,224,3308,29,22,80,0,0
2.9474075117524627,2,5351,60,392,58124,135,12,1
8.718685031765641,1,855,4199,51,14151,80,1,0
8.952593859398196,0,350,5420,37,22,22,1,0
0.0,2,6522,95,265,49624,8080,12,1
21.443082609039273,1,844,3024,29,443,80,0,0
32.858704421326834,1,640,2282,35,80,443,0,0
4.835604870579501,2,2062,41,247,23029,3389,2,1
17.350017636036725,0,302,2150,38,22,80,0,0
11.045035175740841,0,524,4199,26,80,53,0,0
49.94113035902723,1,1390,5644,48,34848,443,0,0
29.140425613622348,0,2838,4205,24,443,443,0,0
4.229632618326614,2,15737,34,170,27012,139,7,1
31.36110588802057,1,996,3339,41,443,22,0,0
0.0,2,9630,64,85,49533,135,9,1
0.0,2,86124,75,310,27936,21,7,1
16.96103441743138,1,791,3596,24,443,80,0,0
0.0,1,4237,141,321,47021,23,9,1
29.607001068136285,0,1840,618,38,443,80,1,0
5.8401929019837855,1,6895,29,171,10358,21,3,1
1.7376545413213371,0,3597,3721,40,80,443,0,0
0.7662642253623102,2,15758,32,99,23215,135,11,1
0.0,1,10763,20,146,58386,21,11,1
0.8302825244785841,2,13802,85,75,1516,8080,5,1
4.295860982843035,1,3684,5612,63,22,22,0,0
20.37699065981335,0,438,2482,43,80,22,0,0
31.13067161897664,0,666,1532,44,80,443,0,0
7.158168917610581,2,17217,182,26,10018,139,3,1
20.043914067656665,0,1642,7929,40,7255,443,0,0
3.72143542236312,0,17975,55,200,6266,21,3,1
4.984989384442369,1,11464,125,34,17548,21,2,1
17.169475729330774,1,1450,3338,43,443,22,0,0
27.710300546269174,0,1837,1759,43,38283,80,1,0
22.345101671542725,0,4474,3516,32,62476,22,0,0
1.3071809345237853,0,1941,1298,51,33467,22,0,0
23.814198502426855,0,1498,8078,56,22,53,2,0
14.175462099412993,2,1523,5699,35,80,22,1,0
7.756604933242908,1,974,2521,49,443,22,0,0
17.106182493825884,1,894,1237,26,62659,443,0,0
11.715548723207814,0,2616,1813,69,443,80,0,0
19.54035133827269,0,736,2292,30,15121,53,0,0
19.1848255145368,0,2196,1752,71,443,80,0,0
1.1742522651827734,2,85253,96,137,43448,8080,6,1
21.86291002109988,0,2158,6639,15,22,443,0,0
19.96676148051451,0,1743,2122,32,80,22,0,0
32.06795646959242,0,2721,3346,45,22,53,0,0
1.2114450522492786,0,10153,58,51,65144,3389,3,1
24.79009941185019,0,4677,2601,45,22,443,0,0
10.473592672010035,0,644,631,39,55933,22,0,0
10.442148373146953,0,562,1684,41,443,53,0,0
24.58778458831538,1,356,1907,33,443,53,0,0
6.18426652069436,2,10430,264,166,64905,139,8,1
33.347123418901226,0,2333,7011,31,56920,22,0,0
18.291037949683933,0,777,1118,34,443,53,0,0
14.783450023328363,0,2865,4120,2,80,53,0,0
9.536000227033268,2,18343,71,165,40062,139,9,1
30.04403094867215,0,957,3620,38,443,53,0,0
6.438007715847265,0,4317,2833,23,35647,53,0,0
12.570576709420383,0,6596,6086,33,80,22,0,0
13.145419054215289,2,1614,889,34,1475,53,1,0
0.8997175543452967,1,16547,40,245,56418,139,5,1
32.01519423779203,0,960,12266,27,443,443,0,0
3.0072732447374304,2,16725,110,325,44837,23,2,1
12.67162254704168,0,1318,2668,64,22,80,2,0
5.648550013202049,2,16731,79,240,40899,21,8,1
7.549834846233352,2,33391,283,170,17796,8080,2,1
19.553306252678098,0,5593,3115,2,58576,80,0,0
12.014943656266524,0,1716,3008,19,22,80,0,0
4.230589733307731,2,1667,63,146,27447,23,7,1
12.044538649214553,1,902,3877,49,31088,22,0,0
0.9502135192037064,0,10033,161,251,18573,445,8,1
36.71648170136821,0,763,7004,26,22,443,1,0
27.75227368560102,0,2237,3907,7,5824,443,0,0
27.216885478333403,1,1346,3828,60,80,80,0,0
7.454703306757104,0,716,1387,47,80,53,0,0
22.39051268126075,0,322,4886,46,80,80,0,0
17.941998006352776,0,446,5213,38,443,53,1,0
0.0,0,1366,3216,26,22,443,1,0
18.798946832541883,0,580,4307,43,443,443,0,0
26.528321040787777,0,2824,6093,30,11963,53,0,0
26.035589043101318,1,3121,11991,24,26855,80,0,0
23.140167556258305,0,437,4048,44,52074,22,0,0
10.948112979472693,2,10836,56,208,13089,139,3,1
17.810584995272485,0,1802,1033,20,62767,22,0,0
35.034805796062166,1,3566,5652,29,443,53,0,0
19.42023793384904,2,2128,7684,36,80,443,1,0
26.73331904689401,0,799,1395,74,80,53,0,0
16.15515226474191,1,257,1201,36,32076,53,1,0
15.880019793825374,0,2926,14168,26,22,22,0,0
17.157471465553506,1,2121,4467,18,443,22,0,0
12.28663261369572,0,1056,6346,6,80,53,0,0
6.918960079668542,1,76711,20,317,63819,23,9,1
17.343920851287752,1,1206,3783,73,80,80,0,0
0.0,0,6601,77,144,3297,8080,10,1
10.596631462562932,2,3079,2483,55,80,22,1,0
15.83640881700402,2,1017,4193,38,37235,53,0,0
7.50469143611053,1,1446,2465,54,46226,80,0,0
33.28605464136726,0,2487,1649,12,22,443,0,0
4.783666197710996,0,12313,126,200,28022,135,7,1
0.7579006699161197,1,8949,42,293,16454,3389,5,1
31.316127544260098,0,5615,1115,39,48563,22,1,0
29.444289399538803,0,1010,1447,29,41291,443,0,0
24.683525208955047,0,921,1129,40,80,22,0,0
4.902529696887941,0,1978,21,103,26158,3389,9,1
4.775496361734593,1,549,7771,31,64190,53,2,0
0.0,2,8356,136,259,58611,21,4,1
28.59274809936601,0,969,1158,35,22,53,0,0
3.43434266159726,1,23559,23,244,64016,21,11,1
2.384364317858851,2,19324,48,5,29260,8080,5,1
9.730397010297287,1,2120,651,38,80,22,0,0
0.0,2,3077,77,127,9057,23,9,1
0.0,2,3688,432,146,869,3389,8,1
2.218503586799807,0,2361,1523,42,22,22,0,0
2.4400287303917345,0,24685,32,272,9864,21,3,1
19.500108249611067,1,3022,3912,30,20951,443,0,0
16.62280498539452,0,1002,1170,39,443,443,0,0
3.881205981619914,0,770,5074,29,80,53,0,0
12.000300732544355,0,3436,1605,27,80,80,2,0
21.452350259588062,0,1574,1097,38,52087,443,0,0
34.67496434393931,0,167,14649,40,56291,22,0,0
11.913821498013867,0,1475,2546,23,22,443,0,0
2.3970178990968662,0,1386,1526,26,80,80,0,0
31.138765916120875,0,2701,1202,26,80,22,0,0
26.90161548957483,0,1922,1400,37,9388,53,0,0
18.670102010773547,1,2471,5235,48,80,80,0,0
15.702925840038018,1,1144,3448,28,80,53,1,0
6.721089924200999,0,1087,1422,25,443,443,1,0
12.135883075058176,0,1138,4426,45,22,80,0,0
15.91864745461356,0,1777,2235,56,38522,53,2,0
7.875691424450361,1,3179,3355,50,8109,80,0,0
3.8715049896206093,2,29270,84,258,42988,8080,9,1
7.279490167657386,0,2449,4695,41,43703,22,0,0
0.7792877291435878,1,5388,50,73,33908,135,5,1
2.7833374107272886,2,2472,108,12,59891,23,3,1
3.5878407259719935,1,945,2244,47,22,443,0,0
0.0,2,22281,278,43,61288,8080,2,1
5.904739862186184,0,9277,134,201,63058,8080,4,1
2.429922418903691,2,5293,327,206,35416,8080,3,1
1.3197760257654125,2,107555,212,155,30837,3389,4,1
26.04416810734696,0,800,1144,60,443,80,0,0
13.66499413424695,0,1526,2858,31,16008,53,0,0
6.380855305670471,0,14967,160,354,28686,21,2,1
11.332597862403034,0,3006,2165,31,22,22,0,0
18.02720237450108,0,2727,2508,34,80,80,0,0
0.0,0,21191,30,54,27937,3389,10,1
3.845687123128818,2,42905,29,267,31992,3389,5,1
0.0,1,14251,142,95,65113,139,9,1
2.320828930780074,1,6371,51,252,55604,135,9,1
4.566308483131749,2,7564,154,194,2579,445,3,1
13.95372072967036,1,3593,1749,27,443,22,1,0
0.0,2,8878,69,218,62881,135,4,1
19.69697548407662,1,1336,2262,57,443,80,1,0
5.143547672074304,2,9646,90,154,55526,25,4,1
3.8276103060124287,2,17739,46,226,1191,135,3,1
7.902057397698762,2,5013,51,140,3857,139,3,1
0.0,0,9281,165,255,4703,135,10,1
16.93237976751637,0,1026,6322,54,443,22,0,0
27.701632638587505,0,984,4498,33,443,22,0,0
2.35803050028775,0,32560,224,264,43798,135,3,1
30.87365601134378,0,1129,3062,14,62125,80,0,0
0.9772840134753551,0,16674,34,137,30187,21,10,1
11.61500007923398,0,1894,7997,33,2946,80,0,0
17.57484812877773,1,663,2736,33,80,22,0,0
19.12184989466305,1,1610,7653,41,80,22,0,0
9.443686875016938,1,4876,20,269,17748,135,4,1
22.831468043320893,0,3278,1221,68,22,53,0,0
0.0,1,9952,133,199,11488,23,12,1
0.0,0,3507,46,165,31428,8080,12,1
19.56157731056284,0,2228,3717,47,22,443,1,0
0.5828127477154119,1,44001,20,17,53653,3389,6,1
31.82063044993433,0,1682,3809,34,22,443,0,0
7.680104460720584,2,839,59,378,38986,445,4,1
14.686181923423177,0,873,9373,25,22,443,0,0
7.700671956232544,0,1150,5339,33,39399,80,0,0
6.50974305842632,2,35112,39,139,58959,21,10,1
25.59350724506489,1,1054,3092,25,41156,53,0,0
0.0,2,25015,20,135,41298,25,6,1
19.761271818074842,0,3692,1506,30,22,53,0,0
18.834481221572275,0,567,2460,47,80,80,0,0
16.19037358469089,0,507,1321,53,80,22,1,0
4.102402691467585,0,695,3208,49,22,53,0,0
14.607032060676273,0,343,1456,16,22,22,0,0
13.442587809045683,1,685,1636,6,22,53,0,0
0.0,1,529,2453,64,22,22,0,0
16.305579344263855,1,1162,2313,54,443,53,0,0
23.033708819133455,1,913,1687,44,80,53,0,0
40.79487270823423,2,3544,2886,24,17076,80,0,0
3.846079373049246,2,10768,27,183,47010,23,7,1
0.0,0,8223,39,158,25964,21,8,1
10.696816831373077,1,23956,145,216,60525,21,8,1
0.5240715127172022,0,5216,69,334,30536,25,10,1
0.49183052989304343,2,15060,223,215,22555,23,12,1
44.052171937644935,0,834,4113,17,22,80,0,0
2.9465105254218003,0,2214,1110,36,8886,80,1,0
0.0,2,9181,119,128,51357,135,12,1
20.213420541620444,2,1662,18070,68,80,443,2,0
0.0,2,18600,83,211,18650,139,6,1
9.027152727552869,1,814,10426,4,443,443,0,0
2.031779119562862,2,45633,224,183,41582,8080,12,1
3.8628962297322946,0,3924,9548,44,443,53,0,0
15.873715242565815,0,1151,2750,31,40293,80,0,0
1.5839780653623825,2,13537,122,154,51477,3389,6,1
26.561208316137076,0,695,4793,22,443,22,0,0
6.5844617209729535,1,930,4069,12,80,22,0,0
7.840341561564775,1,26983,20,238,2333,8080,10,1
4.70112369547957,0,925,6310,33,22,22,0,0
16.87446767082931,0,932,3171,12,22,443,0,0
34.89368350917812,0,1265,2995,43,443,53,2,0
0.6470221078682954,2,19429,103,155,22097,21,8,1
3.9602303037528483,2,25149,133,262,12067,135,7,1
23.059480840450355,1,1101,3781,36,22,22,0,0
3.6501781211949558,0,6662,91,180,36998,23,12,1
5.927555631972265,2,14736,39,121,60842,25,4,1
31.696310775818787,0,794,1750,38,443,22,0,0
24.12705313785166,0,8477,2831,2,80,53,0,0
23.349773087486348,0,1152,4569,45,22,80,0,0
1.8755268120501918,2,3713,141,70,11528,8080,8,1
25.238728187464716,0,1171,3654,41,2804,22,0,0
27.119074115992486,0,2476,10644,39,22,443,0,0
18.81342541031823,0,1503,1615,36,36092,53,1,0
16.40781028571697,0,1016,863,58,22,443,0,0
0.7631809093110595,2,59082,27,172,19185,21,9,1
4.16529283297521,2,16081,148,347,9232,21,11,1
2.4644858016499196,0,12083,204,290,45675,8080,9,1
0.0,2,2412,3143,14,58596,53,0,0
24.758434010959476,0,1609,3309,58,443,80,0,0
6.1261532785453365,1,14403,58,292,15305,8080,6,1
28.9490982376148,0,1586,4155,45,22,22,0,0
14.755415721447886,1,450,5513,3,443,22,0,0
31.571123920701552,0,342,1207,42,443,53,0,0
0.0,0,2957,76,348,47752,3389,10,1
26.76530592473852,0,1070,2838,4,22,80,0,0
28.74513921807913,0,813,5642,20,22,53,0,0
3.785016432882617,0,17331,98,247,30214,23,5,1
16.06884411530114,0,1459,1783,50,443,22,0,0
9.192302575587636,2,23289,42,154,57669,3389,7,1
14.062973369839172,1,1572,3175,2,80,443,0,0
7.911521651395848,1,458,1451,52,443,80,0,0
3.3246707819151506,0,1305,3179,32,22,443,0,0
2.7235325649142563,0,2246,1600,48,11448,22,0,0
19.159299603171313,2,466,2740,50,443,53,0,0
8.808866955549787,0,1291,5619,47,22,80,0,0
28.92750141981459,0,4679,4042,9,443,53,0,0
1.1085435025734656,0,12367,220,181,41876,8080,5,1
0.0,2,9466,20,148,48259,8080,2,1
10.166990339959165,0,736,8026,46,443,80,0,0
25.7047230507592,0,897,6035,20,35183,53,0,0
7.62407373280395,2,10531,97,5,42155,23,10,1
21.891221537130253,0,5475,8605,23,22,22,0,0
19.100313828462617,0,3435,5225,52,80,53,0,0
1.0188606748439766,2,2038,79,361,38644,445,5,1
4.028242556834003,2,26264,134,70,9171,23,9,1
2.8291971275387398,2,45819,34,139,5404,3389,5,1
9.698210807401871,2,67126,179,28,7144,139,12,1
16.977413305970476,2,1115,1150,34,80,80,0,0
22.17748985095875,1,1727,2473,49,80,443,1,0
10.060166161954669,0,1005,3019,39,30640,80,0,0
4.8219238524639625,0,6330,99,260,4288,135,11,1
27.17342814735939,0,1486,3162,9,39617,53,1,0
20.713228174799937,0,1534,6129,45,80,80,0,0
6.4178873769512474,0,1182,3387,18,80,80,0,0
26.382250395632383,0,813,3145,27,25183,443,0,0
18.081071122023957,0,704,1750,28,22,22,0,0
12.827945854198454,0,437,4216,43,34370,80,0,0
3.1308912426506144,1,1238,2526,52,80,80,1,0
11.006242349702482,1,2696,1184,55,80,53,0,0
15.594192886828672,1,391,3931,40,443,22,0,0
10.116617356593126,1,1763,6979,34,80,22,0,0
32.02816947293235,0,1221,3249,39,443,22,0,0
6.5665647211566585,1,2507,104,238,8918,445,12,1
5.769805778038985,0,14544,173,255,28883,8080,9,1
0.24162170358894164,2,9746,321,328,51798,8080,5,1
28.796651205148486,1,1821,2922,23,56339,443,0,0
3.7949416589612004,0,19929,230,241,55361,445,4,1
15.499912667408656,1,1360,1195,53,443,22,1,0
15.24647568601465,0,2488,2655,32,443,53,0,0
12.196504957594923,2,16979,267,114,52188,445,3,1
17.892711469901958,0,1723,4164,9,16826,80,0,0
24.1702640026547,0,2112,5876,11,443,53,2,0
36.292987013552946,0,1326,1678,29,22,22,1,0
21.9989892457214,1,1315,11343,32,22,443,0,0
4.877428497395911,2,13703,33,64,5240,139,11,1
0.0,0,1094,3486,27,22,53,0,0
26.44507742057582,1,718,6969,50,22,53,0,0
15.121182778823837,1,1334,2588,30,29862,22,0,0
6.336388268636288,1,17815,52,102,54692,21,8,1
6.615835766309552,0,2484,74,470,49735,3389,2,1
19.820173836698082,1,1691,2435,45,23349,22,0,0
26.994568948524282,1,1952,902,36,22,53,0,0
21.935496805751814,0,3624,1539,17,19306,443,0,0
26.046745490186474,0,3004,3183,64,37141,53,0,0
32.286509041306886,0,1218,1648,41,80,80,0,0
3.3307832710311485,2,16752,71,135,16241,135,8,1
1.6954095825515938,2,27354,43,188,25319,135,4,1
2.8191554443730156,1,44027,89,214,61501,445,12,1
5.995428617761492,0,5490,46,112,30260,139,7,1
25.653912911855585,1,2534,2296,2,45360,80,0,0
0.0,2,23193,91,153,18017,445,3,1
16.382112388464556,0,2031,2670,56,80,443,0,0
5.5201618415490366,2,1778,146,200,22592,8080,9,1
11.189381705749446,1,607,3301,43,443,80,0,0
0.3875227553768652,2,6397,54,333,10793,139,11,1
10.131830220189318,0,784,1552,46,80,443,0,0
7.49318080213895,0,844,4827,23,80,22,2,0
1.4395758223786732,1,3147,25,68,53842,135,8,1
19.16376520535973,0,463,2294,18,443,443,0,0
26.104116226748097,1,1411,3032,29,21568,443,0,0
3.2778514022853456,2,31987,56,76,13153,445,3,1
12.56784247591754,0,2432,803,50,443,443,0,0
18.00429824393351,0,613,5304,32,1639,22,0,0
9.527134877120531,0,913,10201,25,22,443,0,0
24.733111446233934,0,2262,2559,28,443,53,0,0
23.74130780567458,0,872,3926,32,443,22,0,0
1.923374674865781,2,14857,126,238,33508,135,8,1
0.0,1,205395,243,201,61699,25,11,1
0.0,0,21861,213,98,29538,445,8,1
2.818223712723118,2,13592,103,174,12935,445,6,1
1.1529300733214711,0,2289,1912,10,443,22,1,0
3.4374663242307255,2,67691,74,142,30554,135,3,1
18.382505466771587,0,1227,851,48,22,53,0,0
2.2860612496626613,1,10049,46,115,4609,139,4,1
8.978617968345462,0,3458,6624,42,443,22,0,0
2.9429715955419056,2,65512,62,135,29755,3389,11,1
5.201794190173391,2,15654,115,336,63554,135,11,1
28.232161760895657,0,1022,738,30,22,443,0,0
6.753118706596698,0,481,2407,48,22,22,0,0
3.268460778109873,2,19805,162,146,3417,25,7,1
0.44021840300458814,1,3157,25,183,50695,139,2,1
23.101781810199554,0,1030,4287,41,80,443,0,0
2.3793445128928172,2,10069,130,139,43445,23,2,1
6.094991801477402,2,3424,60,264,15137,135,6,1
11.976931638850568,0,20757,67,156,57271,21,6,1
4.40401084882037,0,2079,1952,37,4697,443,1,0
23.745440987272303,1,257,2305,26,80,80,0,0
0.0,2,10991,132,139,40802,445,10,1
1.259286423464534,0,995,2026,19,443,443,0,0
3.1270371338922547,2,17979,144,77,26997,21,4,1
24.925034588260754,1,4568,7216,16,22,80,1,0
15.279992254477218,0,898,6076,51,40749,443,0,0
2.61036130243807,1,14270,75,53,41409,445,8,1
34.412246867012485,0,907,3042,28,443,22,0,0
0.0,0,32799,35,156,9353,3389,4,1
2.3368021143200615,0,14751,94,189,26237,8080,10,1
12.42645542305673,1,32446,91,5,51621,23,7,1
14.546487785648463,1,1145,5057,26,443,443,0,0
18.35192181602436,1,2239,2676,22,22,80,0,0
7.033686417886224,2,4584,22,70,5544,21,3,1
27.641966206372878,0,294,5334,11,37980,53,0,0
15.961181032564612,0,4160,11609,51,443,443,0,0
14.909086325060766,0,721,3744,50,22,53,1,0
39.993180499929466,0,2953,4115,26,80,53,0,0
9.871621502507608,0,13451,241,131,29112,139,6,1
7.572414983407986,0,7576,89,140,22087,135,3,1
26.250522124968683,0,1216,4760,12,80,80,2,0
27.254938095914863,0,2297,1442,16,58920,22,0,0
0.1752141155840672,1,6662,32,190,6379,25,8,1
8.406060940306904,2,27324,250,5,27414,23,3,1
9.176621422971087,2,10211,573,201,28637,445,10,1
4.497871160937617,2,18490,91,64,38551,21,10,1
31.183116011840937,0,434,3315,32,48392,53,0,0
7.6047792784781585,1,2215,4488,9,30950,80,0,0
23.002908662719474,0,664,6264,13,443,443,0,0
32.169933207307686,1,2829,2044,35,58894,80,0,0
13.75808224474568,0,2066,1628,32,46000,22,1,0
0.0,2,70289,61,132,36984,25,6,1
25.466068473952244,1,2332,645,28,80,53,0,0
3.8455113515532147,1,28628,62,154,42444,139,7,1
15.968551755764391,0,517,11841,39,22,22,2,0
12.626377518546064,0,472,2362,24,22,53,1,0
21.747045701561643,0,710,5513,33,59883,22,0,0
5.579321410240769,1,12727,127,278,9697,139,4,1
1.6557408524701178,2,11915,287,254,26529,135,9,1
14.093187186778756,1,1612,3270,55,22,443,1,0
5.945286879845767,0,2507,3526,31,443,80,0,0
2.8434937452968256,1,600,12308,31,2354,80,0,0
2.6514212402597157,2,14456,608,5,30003,139,11,1
21.514922761191883,0,1436,2046,9,80,80,0,0
5.519735146571641,1,22025,108,88,62100,23,5,1
19.89364248350415,0,2819,4287,27,41329,443,0,0
38.518453066271846,0,3790,3452,24,22,443,0,0
24.836539449967418,0,2584,933,30,22,443,0,0
33.41922938622355,0,1775,3358,43,443,80,0,0
26.551988811642005,0,1195,1572,65,80,443,0,0
5.425980149214142,2,2385,542,204,1691,23,4,1
19.665075167454248,0,1081,6273,20,29897,53,2,0
13.284789213411699,0,1286,3947,37,443,443,1,0
2.254878510590288,0,1345,2114,45,80,53,0,0
9.243626509918368,0,948,1954,43,80,53,0,0
3.0259915534320636,0,16389,40,101,46173,23,5,1
2.7556773678004705,2,1209,36,167,38030,8080,2,1
9.304415175662614,0,1842,1305,41,22667,80,0,0
0.0,2,8139,118,262,11665,3389,7,1
0.6272238935665206,2,2356,128,207,59305,135,6,1
24.637248495961092,0,3358,4549,34,22,80,0,0
1.6002634319616031,0,8336,125,280,60902,21,12,1
13.814414185216718,0,1749,3033,48,22,80,0,0
0.978973547773538,0,52534,221,295,53661,139,7,1
29.44872735383841,2,1147,2220,67,443,53,0,0
5.638107321907109,0,1888,2295,17,22,53,0,0
17.172613317549,1,2220,1862,23,22,80,0,0
10.802205877925374,2,37741,345,181,40062,23,5,1
16.882193154872276,1,621,1605,63,22,53,0,0
33.70030233308577,0,2419,3632,37,31646,53,0,0
5.920106587949128,0,589,3512,26,80,53,0,0
14.081587547195614,0,1128,3130,44,443,80,0,0
0.0,2,82534,100,370,2482,8080,12,1
29.403778702663594,0,1052,3829,33,24586,80,0,0
30.765549078553157,0,2560,2250,36,80,22,0,0
1.7046262491972743,2,35916,399,176,34439,25,8,1
0.0,0,787,3242,16,22,80,0,0
31.23474596864346,0,1430,3165,42,22,443,0,0
1.0701868155090908,2,8687,67,334,35973,3389,10,1
17.850606901159193,1,1782,1682,18,23203,443,0,0
34.18365484524327,0,1083,3876,30,3317,22,0,0
11.31272110467756,0,463,2250,16,57493,53,0,0
29.485575639192724,0,2086,673,44,80,53,0,0
5.363956593823924,1,43185,46,72,12915,3389,8,1
17.016029453483323,0,4411,3076,21,42297,80,1,0
20.068406453732138,0,1128,2729,51,22,443,0,0
0.0,2,2825,135,459,38733,23,4,1
30.08588928344185,0,2821,2669,49,443,22,0,0
6.18549532507509,1,2038,5398,49,80,22,1,0
0.0,1,2816,83,135,62739,25,11,1
35.281412683870215,0,442,2323,25,443,22,0,0
7.1190733745860015,2,1666,101,198,22507,135,3,1
0.0,2,15765,127,313,41265,445,6,1
14.857452188607304,0,1302,30121,9,443,80,0,0
5.453668083290621,0,49036,81,176,44201,445,12,1
0.0,0,58628,20,82,3498,23,2,1
4.572829620900797,2,11418,105,155,9208,23,5,1
1.6784933588666857,2,3392,30,70,36518,8080,3,1
5.3126716382543275,2,4780,145,282,15032,25,10,1
28.330325372806747,1,948,3091,23,19246,53,0,0
4.584883284279869,2,50678,167,204,60893,139,8,1
25.610492623737002,1,481,2440,25,80,22,0,0
34.049877519928806,0,1085,2914,31,80,443,0,0
9.567532389820812,1,2158,4686,55,26840,53,0,0
21.967105913801326,0,2091,2812,29,443,53,0,0
0.9589805446470847,1,9971,193,7,61040,445,9,1
16.505219574810244,0,947,5184,45,13868,443,0,0
36.85837948730604,0,959,9564,36,443,53,0,0
0.0,0,1157,1676,57,80,443,0,0
9.070748937475871,0,1008,1521,21,57092,80,0,0
9.93964447293537,1,4079,62,190,3588,445,11,1
12.012528067573129,0,836,6767,52,443,443,0,0
24.317902447800865,0,2133,5964,41,80,443,0,0
32.48887137448985,1,507,1533,32,80,80,0,0
2.523220238967584,2,4951,117,180,63247,8080,12,1
2.8055744510890457,2,12938,343,204,12900,8080,9,1
0.0,2,30054,48,371,41779,25,10,1
17.015680625940558,0,1553,9912,29,22,22,0,0
8.528278503453826,1,4609,170,58,45345,21,10,1
14.180028753301457,0,2735,1597,27,80,53,0,0
30.847908511245574,0,806,11749,59,22,53,0,0
14.280676529144321,0,307,7345,31,22,80,0,0
19.038943347985178,1,2614,4353,66,22,53,0,0
23.9216992358223,1,464,1202,47,14068,80,0,0
9.75936038439436,2,45722,61,153,31944,21,10,1
16.725113203615102,0,793,3441,37,22,22,0,0
7.170273080736383,2,13303,84,130,27266,445,9,1
0.0,0,27974,469,124,35373,135,9,1
9.544223517857633,1,398,1534,18,80,443,0,0
7.275329392787027,1,80064,69,148,52160,21,4,1
6.122562030384017,0,1656,664,14,22,53,0,0
15.345786954183762,1,1295,2013,46,22,80,0,0
12.699891178715472,0,1260,2730,29,443,443,0,0
6.310647810619341,1,14807,137,191,46955,25,9,1
3.666345890006019,2,5713,386,177,44357,21,7,1
14.479758296390578,2,1144,4802,42,80,53,0,0
26.246518221217634,0,710,1158,43,80,443,0,0
19.833199590935084,0,592,1685,44,80,22,0,0
32.779190924746615,0,2059,2280,30,43624,22,0,0
1.1669043091464308,1,70057,71,187,47950,21,10,1
1.8959749012859763,2,1780,20,118,65025,139,7,1
11.718459685030615,0,1447,4400,30,15526,80,0,0
13.227444620987344,0,1200,1820,35,50839,80,0,0
4.942900136003848,2,13493,42,134,22879,3389,8,1
3.11575722878852,2,11130,174,135,40744,8080,5,1
20.771536816074228,1,1308,3881,38,80,80,2,0
3.986626319211359,2,24521,54,152,19546,135,2,1
10.514700317121365,0,692,12210,35,22,443,0,0
2.304411405399142,2,3250,81,194,17329,23,4,1
34.56792081201995,1,471,3678,50,22,22,1,0
4.330860595968071,1,46073,77,154,29013,135,4,1
10.050011243069662,0,2478,3178,37,80,22,0,0
6.605683387649328,0,8850,73,129,6283,23,7,1
26.990220954777385,0,1164,7098,13,443,80,0,0
0.0,1,8763,131,41,7377,445,5,1
16.25434799673956,0,1717,5473,28,60493,53,0,0
15.430525746817,0,922,5257,27,80,53,0,0
8.255331641756326,1,1684,502,52,80,53,0,0
5.797899376038249,0,18749,119,136,43394,445,2,1
12.553134023637249,0,1046,2511,66,22,80,0,0
14.580146623843026,0,721,3402,47,80,443,0,0
19.794678357398105,0,1000,9960,26,80,80,0,0
11.874409882624143,0,1670,3330,13,80,443,0,0
4.768153615096706,0,383,1866,27,22252,80,0,0
21.4973413874095,0,745,1194,23,80,53,0,0
0.25075598251076636,0,15192,158,117,47437,445,4,1
0.678290894649221,2,71046,111,127,37498,21,5,1
10.850479217998462,2,12764,108,269,4293,8080,5,1
3.6508125908268614,0,7293,288,126,16854,23,9,1
5.9531024512864645,0,6949,273,240,49312,8080,12,1
5.709614622340163,2,62586,160,124,50380,3389,8,1
6.139390988556175,1,2586,105,190,63838,445,11,1
24.555712839405196,0,3224,5595,27,80,53,0,0
22.280543835624144,1,1361,2810,30,443,443,0,0
5.255002969732714,2,13622,193,133,32225,139,10,1
31.524010026409876,0,1174,10080,23,22,80,0,0
6.795492481829788,2,29551,117,103,25688,25,2,1
5.109178917100465,0,1426,3196,31,443,53,0,0
14.328418099599148,0,2698,2541,36,62156,53,0,0
22.41610067058277,1,664,7641,9,26662,80,0,0
0.0,0,15990,151,95,39474,445,7,1
0.7863982917878638,2,8752,65,86,35750,139,4,1
6.596981341812411,1,1004,3278,43,22,443,0,0
17.263367819839146,0,2586,1140,24,443,80,0,0
45.10891777844451,0,2469,1141,59,443,53,0,0
16.113967659197666,0,286,9149,49,443,443,0,0
3.8592735820460713,0,29185,56,175,54465,23,10,1
4.948408610768657,0,31664,140,311,63652,445,5,1
9.411024715116623,0,19261,35,347,56410,21,3,1
14.753832357132472,0,1588,1668,49,80,53,0,0
17.47418553552067,0,1576,5460,19,443,53,0,0
14.110885793301344,0,1310,8741,50,443,80,0,0
7.6166217139772225,0,2570,8717,40,22,443,1,0
0.0,2,797,80,263,55143,445,8,1
9.532675243826414,0,936,2528,44,22,443,0,0
2.51499806748423,2,4480,27,205,5764,23,2,1
2.9791319955536837,2,63578,67,18,61812,445,10,1
6.8814959382966325,2,17212,193,176,47362,139,2,1
29.177839368154103,1,6970,2236,68,44288,80,0,0
21.36092512838591,0,408,783,41,11708,443,0,0
16.98843442212055,1,7795,580,36,443,22,0,0
2.355633657465556,1,16710,261,183,39623,135,4,1
18.92145125967248,0,1237,3021,21,22,53,0,0
6.811704563365392,0,817,3018,35,54074,80,2,0
15.27832576774696,1,1641,8063,35,80,443,0,0
0.0,0,13050,59,117,43386,23,11,1
39.169416612679754,0,1477,3864,36,32398,53,0,0
36.45747630438919,0,1686,9887,37,443,80,0,0
3.31571421956794,0,25336,193,130,40710,139,6,1
2.0750217912518405,0,1408,4469,17,22,53,0,0
47.32254292940264,1,804,1473,22,80,22,0,0
16.993790541949945,0,4175,2195,32,46249,443,0,0
3.490799759318893,0,462,6976,39,80,53,0,0
0.0,0,3393,46,314,64605,3389,5,1
10.744937261431353,1,1313,897,30,443,80,0,0
0.6074484614663143,2,11855,89,179,29628,8080,2,1
9.101884492856971,1,3100,5226,19,22,443,0,0
0.8232268489738366,2,41028,53,291,59746,25,11,1
8.693136047560257,2,767,12676,35,51472,53,0,0
2.0517078118164043,0,45628,40,203,37238,23,5,1
25.0522321548785,0,2672,2141,49,50231,53,0,0
6.081917775353503,0,12154,2412,45,22,53,0,0
30.166937635351943,1,3164,5400,23,22,22,0,0
3.0705558050926687,2,5525,67,119,19201,25,9,1
13.583154377861764,0,2600,11760,47,10400,22,0,0
5.178878354331092,2,7175,152,214,25193,135,10,1
14.222308884593648,0,1816,5652,69,51228,443,0,0
5.3270602926762365,0,482,1810,19,443,80,0,0
5.164467455221972,1,1301,1561,15,22,443,0,0
20.487656853023665,0,642,2871,59,53167,22,0,0
0.0,1,25858,112,141,56485,21,5,1
28.405696672051405,0,1311,647,36,443,53,0,0
0.0,2,14884,85,257,46635,21,10,1
23.537021149247636,1,625,3773,50,443,22,0,0
4.818604576185386,1,1055,4623,33,43570,80,1,0
7.428514595358923,0,2946,728,46,80,53,0,0
18.694247797135315,1,629,3237,58,22,22,0,0
18.800874470375074,0,1854,2667,24,32869,53,0,0
7.585006335985572,0,61011,25,346,1732,445,8,1
2.0567590174534787,1,21940,331,156,58913,25,11,1
1.9526538013336499,2,15809,54,115,56652,139,7,1
20.957516460491455,0,1458,1935,11,80,443,0,0
24.552505353230565,0,5058,2129,23,9827,22,0,0
9.366798819497323,2,953,4619,44,53131,80,0,0
1.9664939070119412,1,6090,110,260,1094,25,5,1
15.58294460473487,1,24584,57,73,32712,139,5,1
16.731578057000807,0,1437,2316,28,443,80,0,0
26.78057187684167,1,3285,987,43,22,80,0,0
0.0,2,12960,100,95,15720,21,2,1
21.749528237531116,0,3016,4740,48,26313,443,0,0
1.3002937138042665,2,19606,95,210,40111,139,2,1
22.346525683709604,1,1039,7333,42,443,80,0,0
5.189148484642261,2,13941,239,259,54514,3389,9,1
20.229507993734952,0,1752,3450,45,22,443,0,0
30.21242996688943,0,2774,1713,17,22,22,1,0
17.340918433705134,0,1800,3442,44,8876,53,0,0
25.608607459114573,1,1476,11082,35,63891,80,0,0
7.877705723853065,1,7621,120,274,3859,25,4,1
32.45744564245943,1,3666,1160,26,51158,80,0,0
13.731028862119157,1,866,3920,31,443,443,0,0
13.078909288247797,2,22561,290,323,51106,8080,6,1
1.2483444404646917,0,2106,1589,60,33494,80,0,0
0.6171497327468858,0,14413,185,67,44997,3389,9,1
13.947095222186062,1,2026,2600,24,22,22,0,0
0.0,2,4804,159,7,50308,445,9,1
2.188686977927766,0,1323,1011,67,60391,53,0,0
0.46577218182915603,1,8911,114,110,61073,23,8,1
14.41194724596026,1,1831,1510,4,61599,80,0,0
0.7916908728074761,2,41346,150,97,55179,135,6,1
26.10345429810616,1,1463,648,32,22,80,0,0
12.090062413021101,1,1503,625,69,22,80,0,0
33.70636109407707,0,1919,2357,3,80,22,0,0
10.928811109913616,0,3236,1336,20,443,443,0,0
23.758498454265563,0,2089,2754,21,13248,22,0,0
36.59730823874395,0,4111,2208,19,48054,80,0,0
10.563249582974064,2,7415,71,93,36225,139,9,1
1.9956488297815016,2,12256,79,104,26673,135,12,1
18.989268314710735,0,1242,2809,39,6247,22,0,0
20.516689785586372,1,1542,3512,38,58684,443,0,0
28.069605998391143,0,1154,1642,42,443,22,1,0
34.54781506776129,0,1515,592,16,80,53,0,0
7.369725959391196,1,16576,50,44,38309,25,3,1
34.005168266213175,0,2211,1012,22,31489,80,0,0
13.719471240584888,0,2508,5323,29,36510,53,0,0
4.477323432218007,1,1077,1164,35,22,22,0,0
4.463049234411642,0,9034,374,135,12957,8080,10,1
0.0,1,622,4807,63,443,443,1,0
0.0,1,15639,264,79,52075,139,4,1
28.651811662399115,1,2827,1551,66,22,443,0,0
4.304889647986645,0,1165,11810,44,443,53,1,0
0.0,1,4549,9671,35,17535,22,2,0
3.0627452266716104,0,15628,148,5,65428,8080,5,1
0.0,2,5709,61,189,4252,8080,4,1
31.375838453601645,0,1081,5173,65,443,22,0,0
6.594291770379185,1,15414,140,29,36155,21,7,1
16.837211661366805,1,2450,3414,18,63000,443,1,0
20.420543014601094,0,5494,211,30,443,443,0,0
35.60628645778596,1,1250,4177,29,22,22,0,0
2.8707654012924784,1,46308,295,91,43188,445,11,1
6.532421612693875,0,4897,56,303,47217,139,12,1
23.673622221265955,1,2614,1634,11,22,53,0,0
14.937868253256678,0,1118,620,2,80,443,0,0
3.141119822406506,1,8042,439,238,61946,445,2,1
1.960471812314854,2,17515,59,5,35790,139,5,1
7.791763619195715,2,25599,101,221,65109,25,11,1
0.0,0,23840,43,267,20767,23,8,1
0.0,0,7809,114,101,20860,23,7,1
10.903981470619193,0,1650,4252,63,18428,80,0,0
0.0,1,2634,3381,49,22,53,1,0
5.119663549191373,0,71916,77,201,6538,445,4,1
6.002631889536902,2,7069,196,207,34128,135,10,1
4.737287988085923,0,320,2482,33,80,53,0,0
1.8346007177993437,0,50755,240,130,1157,445,9,1
0.998536725250935,2,17941,275,101,59841,139,3,1
0.0,2,48807,220,166,56109,135,12,1
9.841741610717106,0,648,4659,38,1604,53,0,0
7.801714347382362,0,1321,5514,24,63871,443,0,0
5.037018857243341,0,60102,89,306,61632,25,6,1
2.540397352278725,1,15302,406,217,16207,3389,9,1
24.529848158746,1,971,1537,37,80,80,0,0
0.41311587484217194,2,9192,176,260,50453,8080,6,1
8.704354923789232,0,17736,212,181,10115,135,9,1
0.0,2,16054,28,345,47755,445,8,1
36.43806252755421,0,983,1355,44,52631,53,0,0
26.610636921225513,0,529,8636,37,80,443,0,0
8.754355276648454,1,307,1472,36,22,53,0,0
16.292216146508416,2,1497,4440,65,80,53,0,0
13.627631240646775,1,455,2966,27,80,53,0,0
4.355131480167847,0,9310,32,189,56392,3389,12,1
18.837227927076277,2,3640,2396,2,32414,443,0,0
32.61586033324796,0,1784,3384,34,22,53,0,0
17.042756900923887,0,1918,1160,36,443,53,1,0
6.143550315306358,1,619,8721,47,13786,443,0,0
4.957038940341341,0,2889,42,132,10063,135,2,1
4.1069122418768895,2,7146,66,182,32981,8080,5,1
19.69451331158211,0,906,5459,40,32908,443,0,0
5.205477478488012,2,5136,31,89,39077,25,2,1
25.793342157674335,2,1391,2859,48,443,443,0,0
37.698735097098236,0,1979,1425,28,443,53,0,0
0.0,2,9820,154,106,6890,445,8,1
14.28655452430846,1,3695,6534,13,1860,80,0,0
11.120837854799765,1,601,2570,71,20068,443,0,0
0.0,0,13726,127,339,28128,25,5,1
6.423683226158875,0,2362,3184,4,22379,80,1,0
12.1390959033928,0,712,3577,36,22,443,0,0
22.872783112336542,0,2517,1006,41,443,443,1,0
0.0,0,1524,7524,27,63575,80,0,0
22.25889433356254,0,1442,1480,29,443,53,0,0
4.784826053103089,0,7905,3385,37,80,443,1,0
22.373697928080237,1,383,3140,41,22,443,0,0
28.976575026451457,0,4207,2180,36,80,22,0,0
11.299386172106866,2,2747,66,63,38189,135,11,1
5.026724370259241,1,14891,74,5,8538,135,5,1
0.0,1,1010,1950,23,22,80,0,0
18.352253516754466,0,2827,7468,22,45808,53,0,0
16.164498825510908,0,899,1433,56,443,22,0,0
19.312597690829712,0,1651,2878,25,443,53,0,0
12.700182285099265,0,1524,1686,37,443,80,0,0
6.119744404085836,2,2348,203,34,15222,139,9,1
6.95639090392466,1,59544,133,142,35505,8080,9,1
0.0,2,1455,2584,34,50863,80,0,0
5.103617439515062,1,1106,7062,37,443,53,1,0
1.7773827554260135,0,34328,25,250,13488,25,4,1
0.0,1,743,6135,48,80,443,0,0
19.870630058201264,0,1185,3658,22,443,22,0,0
4.2914473789422605,1,17053,67,225,44534,25,10,1
5.185952723882449,0,2268,979,22,80,53,0,0
4.281888131217766,1,72372,62,105,13024,445,8,1
10.393837353358634,2,4653,149,161,47041,135,2,1
0.33347659811227315,1,11662,30,309,19172,139,11,1
5.588722284889729,1,24450,25,112,940,8080,10,1
15.109586398080578,0,1079,7236,51,49478,443,0,0
5.490923445260922,0,5702,146,140,19832,135,6,1
12.132128143591999,0,3441,1474,36,443,443,0,0
20.035750583370344,0,2329,2625,28,80,53,1,0
23.787856914420548,1,754,1269,49,80,53,0,0
19.749951424634382,0,588,1159,62,22,80,0,0
26.60653907646087,0,2231,1972,31,22,22,0,0
2.242767619520517,2,25397,93,157,14201,445,4,1
2.6561248726393067,0,43451,202,42,6843,23,12,1
9.875538602527072,1,478,1628,10,443,53,2,0
5.3964652044775665,0,698,2454,14,22,443,0,0
3.379109866194048,2,4862,38,180,22183,23,4,1
8.766168008075752,0,810,49,291,62022,25,9,1
35.20243726929586,0,1454,3644,71,443,53,0,0
2.99451147274234,0,15561,333,266,60751,21,5,1
1.439868000177178,0,2493,2774,54,57005,443,0,0
0.0,0,9373,44,209,1291,8080,5,1
0.7059979749523078,2,12306,152,5,54970,445,3,1
29.388253347684966,0,2446,1001,17,22,443,0,0
16.088412282985825,0,1560,4864,16,443,53,1,0
20.893348759007054,0,512,3465,49,80,80,1,0
24.195294188162606,0,1974,5102,30,23099,22,0,0
19.287100410119876,0,975,3413,53,443,53,0,0
31.477938413940535,1,1829,5997,42,22,80,0,0
7.296498712333063,0,4468,128,204,47891,139,10,1
4.337030755688803,2,55851,607,124,41743,23,11,1
4.023626498587921,0,1257,1251,9,80,22,1,0
16.297294005930333,0,2111,1062,33,443,443,0,0
1.8002938380574816,2,16748,20,314,51809,445,8,1
3.716031099781718,0,1602,2168,36,22,22,0,0
31.134400513438603,0,2197,2214,48,22,80,0,0
13.192119986683302,1,548,2709,37,30118,443,0,0
0.0,2,4683,48,136,50751,23,7,1
17.970003263071675,0,948,1390,53,443,443,0,0
19.15432956498055,0,1376,2935,36,22,443,0,0
6.983264939886634,2,8842,138,240,50678,25,11,1
7.939349810504654,1,1542,2207,14,45762,443,1,0
8.894311937126345,0,7329,1561,22,35068,80,0,0
0.0,2,11429,53,163,27573,8080,7,1
21.45121747401955,1,820,3039,67,443,443,0,0
9.077974869745379,0,896,5294,57,80,80,0,0
19.502297640738846,0,766,1286,26,443,443,0,0
15.820308275325225,1,692,3171,32,58292,443,0,0
4.223504939083032,1,48509,116,25,59391,8080,9,1
7.643356714348792,0,11220,79,60,20115,135,8,1
6.705929736636639,0,1107,3405,52,25157,22,0,0
10.71170360430783,1,737,476,33,46710,22,1,0
5.812032038599925,0,1285,713,24,80,53,0,0
8.847307906671993,1,1349,1270,63,22,80,0,0
0.0,2,30685,89,165,5623,135,8,1
21.232860138524984,0,5847,3843,25,443,53,0,0
5.388550740019725,1,11395,46,58,44850,23,12,1
9.596291514859285,2,24427,83,128,31722,25,10,1
10.345241374116833,0,6347,12520,21,80,22,0,0
9.990063517185842,1,29775,22,241,38046,23,2,1
0.0,2,4032,52,213,735,25,6,1
38.850976176236216,0,4619,1593,10,443,80,2,0
30.747061563300374,0,887,2082,27,22,53,0,0
0.0,2,8793,133,95,27669,135,9,1
3.2723609696966465,2,4368,93,56,62210,25,9,1
12.084935122622301,1,1833,5914,41,12098,22,0,0
0.0,2,5113,150,72,62948,135,10,1
1.7083532372691814,0,14750,203,117,65003,3389,7,1
0.4597937599658177,2,4144,52,300,42902,21,3,1
7.975458408179828,2,7594,277,241,56090,8080,3,1
43.01246549587886,1,1562,2476,44,443,22,0,0
4.2050734903641676,0,516,1535,41,443,80,0,0
2.4837285973993977,2,9509,91,5,19039,139,7,1
25.388133536068302,0,1733,1373,39,22,80,0,0
6.833890056275717,1,6836,61,339,41080,139,10,1
34.82564481147943,2,838,4047,28,22,443,2,0
8.280050497175136,0,37612,87,5,41664,25,6,1
16.275751174369205,1,1642,7324,8,443,443,0,0
1.4233914039990805,0,2284,117,291,327,25,6,1
12.342458053900781,0,14000,954,200,30465,445,2,1
0.0,2,41884,20,102,29094,135,4,1
32.15737142471416,0,2027,516,26,80,80,0,0
15.774892150449183,1,869,3346,51,443,53,0,0
20.376245386429964,0,775,1283,59,443,22,0,0
0.0,1,135085,61,282,20658,23,12,1
13.57100307637339,0,1183,5687,44,7729,22,0,0
1.2495017655541112,1,1001,1313,19,443,53,0,0
10.864187701249834,0,1002,2935,24,22,22,0,0
7.699406355795288,0,4520,3136,6,80,443,0,0
0.0,0,35582,91,255,18111,21,4,1
7.703717480322906,0,3383,8371,48,443,53,0,0
1.9440268493519461,1,927,5198,17,22,443,0,0
4.352114702234139,0,46014,111,319,14637,21,11,1
30.842837353020748,0,1276,3161,52,22,80,0,0
3.952932672203886,2,19758,55,149,9615,23,2,1
9.687684793528488,1,1753,4996,31,57296,80,0,0
13.956453351090865,1,3316,5710,59,22,53,2,0
6.843858665607737,1,566,3443,67,443,53,0,0
26.233634425207708,1,1246,4726,21,80,443,0,0
0.0,0,2479,4529,64,22,80,0,0
18.690023609018635,0,2866,16667,35,443,53,1,0
3.163006239567682,0,8084,139,141,24124,8080,11,1
19.36120954434002,0,3889,2974,12,443,53,0,0
41.28691745975014,1,12435,10077,44,19105,53,0,0
1.6947655071629453,1,20282,59,169,60188,23,10,1
31.59710372360027,0,1614,11200,34,22,53,0,0
27.467973476487423,0,414,686,45,80,80,1,0
24.19403861370094,0,2183,6730,14,443,22,0,0
16.40443559135616,0,3137,2526,36,64517,53,0,0
22.445048170009883,0,1161,3669,9,443,22,0,0
0.0,2,39894,269,245,20524,21,10,1
13.56456953252357,1,547,4931,25,80,443,0,0
13.36375021053053,2,6283,59,134,29087,139,11,1
0.05997503900058465,0,27386,124,5,49710,23,4,1
22.87530451608162,2,1608,668,42,37677,53,0,0
0.0,1,3733,4037,34,80,80,0,0
28.477779211781318,1,3712,1146,35,11361,443,0,0
16.334442393723467,1,2435,3020,11,80,53,0,0
23.304065685451132,0,1908,1901,29,22,443,0,0
7.795507619659694,2,11189,192,98,15678,8080,12,1
15.004822606133624,1,501,5091,27,18401,22,2,0
34.70768296559964,2,1102,3938,34,443,53,0,0
0.0,0,757,5539,12,80,53,0,0
12.576045462091747,1,775,1122,45,22,443,0,0
3.1052437504983996,0,17903,62,74,24313,21,4,1
16.119331305511796,1,2773,14303,36,22,80,0,0
30.473563647900725,0,2267,4105,36,443,22,0,0
0.0,2,5545,20,191,18488,135,10,1
0.0,0,12134,474,232,56354,135,7,1
1.8309450811516554,1,7233,71,164,21237,25,6,1
0.0,2,23935,243,167,12273,21,9,1
25.78590127597601,1,664,1329,13,80,443,0,0
5.075671549385251,2,18155,139,197,28618,25,9,1
15.939808534875944,0,1220,2888,21,80,22,0,0
15.054556944291964,0,2182,4294,39,22,53,0,0
4.941445774393749,2,21614,24,5,14600,135,7,1
13.265045630302899,1,3085,3641,26,80,443,0,0
26.241003444268696,1,697,1496,24,22,80,0,0
4.625037678860849,1,1758,1864,35,443,80,0,0
7.378451839954156,0,40080,86,5,62031,139,3,1
28.375704940199462,0,2513,1457,58,443,22,0,0
4.395260149284365,2,27684,48,5,32527,23,4,1
26.12773737143462,1,2442,2017,31,80,80,0,0
23.558321497311262,1,1036,3227,42,22,443,0,0
24.59959339771347,1,1088,3477,34,80,22,0,0
3.616183990594952,2,18798,20,237,51234,21,11,1
2.0722958661746693,2,21303,82,180,52639,3389,9,1
11.622242662275301,1,213,4830,36,443,443,0,0
2.792301063352344,2,2824,55,77,12374,3389,6,1
14.706301533661218,0,1600,1190,75,22,443,0,0
22.173108110486936,0,724,1708,42,443,22,0,0
0.0,2,4023,45,90,17450,8080,3,1
10.176148587300878,2,32293,53,357,46251,8080,8,1
29.382795708455994,0,1849,2212,23,19559,22,0,0
22.724540058915586,0,2131,7504,32,22,80,0,0
5.699302379604114,2,4705,40,118,19192,25,8,1
9.05762065708473,1,2219,5208,28,80,443,0,0
44.2814677569656,0,810,5772,24,22,443,1,0
17.71588043724031,2,2594,4314,39,8619,80,0,0
4.992725315257992,0,770,4643,2,443,53,0,0
20.107693056288795,1,934,10687,37,80,53,0,0
2.8467334209054242,2,35913,170,201,38792,3389,9,1
21.021452769519335,0,988,5470,12,22,53,0,0
6.407597585499988,0,31794,600,168,36736,139,12,1
29.61805718099182,1,1209,2117,51,443,53,0,0
10.95643480159222,0,2306,2834,51,443,80,0,0
0.0,2,17984,171,179,35285,25,6,1
8.465174941383705,2,11325,24,140,29521,135,12,1
0.0,1,1850,1431,25,443,53,1,0
10.236492293616307,2,30432,188,167,26888,3389,2,1
15.002428702783794,2,595,3232,32,19651,53,0,0
11.889751720151526,1,1595,1769,39,80,53,1,0
27.488938109677463,0,336,14479,27,3359,443,0,0
19.798212044694207,0,1816,1545,35,443,80,0,0
0.7963306639678169,2,2681,57,184,42634,8080,8,1
20.64998940166636,1,1347,15078,14,443,443,1,0
1.0076485424763253,2,73396,101,113,47613,25,2,1
0.0,0,486,1903,56,22,53,0,0
2.8715658411423055,2,8576,24,204,15166,23,3,1
4.123091419194019,1,5022,478,28,14472,3389,11,1
3.5043824882956933,2,33805,233,183,35805,3389,4,1
28.43715426361166,1,2984,2647,16,80,80,0,0
35.743377364976965,0,790,9029,54,80,53,0,0
13.280552159816661,0,1002,4005,16,61981,443,0,0
24.195497024923895,0,1219,903,30,22,22,0,0
6.816278183246998,2,8851,65,114,25382,445,8,1
0.4718344779793493,0,24818,37,195,44421,21,12,1
25.231965419835962,0,951,1456,18,443,53,0,0
3.673761831452781,1,22137,225,225,9420,8080,3,1
28.241944129185654,0,858,8409,27,47526,80,0,0
4.527115329144381,0,909,3032,30,443,22,0,0
8.917527246652197,0,2483,3039,21,443,22,0,0
5.869401746524278,2,12895,76,302,39805,445,8,1
25.528805549128286,2,815,5100,48,22,53,0,0
19.863907049875188,1,1181,8241,49,22,22,0,0
5.816056977743752,1,653,6544,38,443,22,0,0
24.408404206143853,1,3492,2148,5,80,22,0,0
0.18531505011686145,0,60325,20,236,43897,25,6,1
1.0835542414094377,0,398,2141,2,63560,53,1,0
3.0591858305114044,2,22438,63,204,60576,139,5,1
0.22889541976964622,0,1959,3325,26,443,53,0,0
17.958497038268227,2,2272,6326,37,80,443,0,0
4.086684111417036,0,15783,41,273,44615,23,4,1
3.4158598128597637,0,8478,87,19,15327,23,6,1
22.93441720859477,0,1062,1971,53,9811,80,0,0
4.5341487677609855,2,4791,186,163,64988,445,9,1
3.0002195976818484,0,27386,44,14,32528,445,10,1
10.24742395369459,0,3385,323,35,22,443,0,0
14.901380547024624,1,630,5937,67,80,80,0,0
5.248031420053863,0,1371,1767,7,443,53,0,0
23.34988727456902,1,2443,4133,38,22,22,0,0
4.207498831525867,2,14413,27,155,10905,3389,2,1
2.3824052166405267,1,6681,101,264,61811,3389,5,1
1.888794605692665,2,26411,148,137,27270,23,11,1
15.232526092594341,0,1581,1779,14,443,80,1,0
4.420252705141019,0,5093,26,218,20537,139,3,1
35.93943931309781,1,446,2098,21,22,22,0,0
0.0,2,888,3928,20,80,443,0,0
7.654580296586561,0,8926,68,194,14257,445,8,1
11.824041913694487,0,1336,1050,42,22,443,0,0
38.74395334021891,1,2036,3646,34,22,80,0,0
29.098610960864075,0,1513,1454,44,443,80,0,0
28.025268417646792,0,753,13355,31,22,22,0,0
13.081593652817707,0,527,3352,24,22,53,0,0
0.6370991528548764,1,5950,254,189,53602,135,11,1
31.44795710851103,1,201,2483,40,443,80,0,0
0.0,2,13178,156,268,9781,25,4,1
1.9701777220121892,1,4270,117,117,52774,25,5,1
20.724859486804597,1,1042,3574,29,443,80,0,0
0.0,2,23899,269,54,13486,21,8,1
3.4902895526798483,1,22220,92,285,41188,25,7,1
9.961947277198348,2,96428,73,222,34276,23,8,1
5.0132399278686055,2,10675,52,237,29074,3389,11,1
2.058282229974147,2,1298,112,222,46537,139,10,1
29.028071881439185,1,876,1631,9,443,22,0,0
14.682668891404894,1,3091,1409,27,27073,22,0,0
16.92562294654367,0,2853,3678,48,443,443,0,0
10.954740810315057,0,734,6032,43,443,53,0,0
26.47352790872155,0,1284,1152,49,443,443,0,0
19.495020869974965,0,1172,1276,19,80,22,1,0
4.15684785010324,0,30492,155,233,51899,135,2,1
1.4081478190936414,0,3620,111,73,59499,445,2,1
11.40393729375031,1,899,4977,45,22,53,0,0
0.0,2,11555,71,280,28455,3389,6,1
0.0,2,92326,53,61,54524,23,3,1
1.512266633844459,0,3215,107,370,41463,3389,11,1
0.0,1,77693,105,196,13359,23,4,1
10.966418072766498,0,3197,122,249,59471,139,11,1
26.04069926740352,1,792,2676,51,22,53,0,0
22.158712486389092,1,857,3365,11,22,53,0,0
24.413670039060033,0,2112,936,51,22,80,0,0
0.5082958855972919,0,846,4964,26,22,443,0,0
1.8041069441986928,2,10809,28,91,60963,23,12,1
17.883501439566754,0,2733,1424,31,22,22,0,0
11.440443316267707,2,1400,5422,41,22,22,0,0
22.366526720647048,1,2052,388,34,443,53,0,0
33.18124746971683,0,1564,2900,40,80,22,0,0
23.308087027689997,0,5361,5117,37,36333,53,0,0
5.088723825767875,2,4303,188,322,28990,445,10,1
0.4831326021929976,2,34160,76,95,53660,25,8,1
37.30108324222964,0,1005,5318,34,443,53,0,0
16.07864173669696,0,1084,5413,18,443,22,0,0
10.244772009111012,0,524,1031,53,443,22,1,0
8.796591358704699,0,571,1692,41,80,53,0,0
14.097809777794295,0,830,13062,31,80,53,0,0
0.0,2,6303,138,217,15074,139,9,1
27.265394154721456,1,444,2981,26,22,22,0,0
9.355377501884625,2,2381,4720,36,61560,22,0,0
18.316157277465376,1,625,4788,65,80,53,0,0
36.710997784046675,0,700,4768,50,443,80,0,0
36.776684715991166,0,1288,2374,53,48223,443,0,0
6.143215474716148,2,10885,67,264,40556,8080,2,1
8.285688721630455,0,649,5947,48,22,80,1,0
2.359923896030672,0,56536,20,5,22634,21,5,1
33.280543828315665,0,1004,1609,48,443,53,2,0
19.13933650187433,0,1253,12694,60,31517,53,0,0
3.093130516673047,2,33436,95,218,23095,445,9,1
15.709383215159102,1,789,3414,22,80,53,1,0
4.142120658439904,2,7018,30,310,46424,21,8,1
24.941557667890397,1,2785,3991,17,443,22,0,0
7.252947312192273,2,2121,118,160,25498,21,10,1
0.14167612157397214,2,18972,31,27,34631,445,8,1
0.0,0,721,4236,34,22,80,1,0
17.59200597253354,1,825,1743,56,22,22,0,0
15.274387957248596,1,2312,1650,46,12212,443,0,0
3.497402336762808,0,6782,78,122,47276,21,4,1
0.0,2,15464,30,72,32095,8080,4,1
0.0,2,23149,48,181,42475,3389,3,1
14.887678659909248,0,1089,6399,44,40582,443,0,0
1.7418691031327818,0,6809,82,199,3102,8080,4,1
18.013498655456747,0,1427,4946,37,80,80,0,0
26.356914939499145,1,2811,2143,18,11476,80,0,0
23.79125577287045,0,936,11591,49,443,443,0,0
5.546989347041842,0,10185,131,221,45128,139,11,1
19.7713668907851,0,923,4884,50,26085,53,0,0
6.6393157279369985,2,4319,129,403,63820,445,7,1
27.393758325497785,1,4322,1277,18,80,53,0,0
6.575541701019025,0,10951,154,110,49227,25,7,1
8.301771420879426,1,12806,20,211,4535,21,12,1
4.817935141679533,2,4638,124,249,42448,3389,10,1
10.141941502383048,0,21155,37,161,64478,21,12,1
45.65968790089938,2,326,3543,25,80,443,0,0
0.0,1,73551,84,5,40262,21,5,1
14.330499262711808,0,1922,803,22,443,80,0,0
1.89714187821221,0,1852,59,52,4564,135,8,1
13.36026720939893,0,855,15675,58,80,443,0,0
0.0,2,7134,113,437,5699,139,11,1
26.676986242171843,0,1635,4162,26,443,80,0,0
29.32239432599105,0,3250,10174,28,443,443,0,0
9.166959627773814,0,787,2079,50,443,22,0,0
10.801451230779808,2,1791,225,190,57959,8080,10,1
0.0,1,95486,91,142,58920,3389,8,1
4.934338618144196,0,740,1117,28,5393,443,0,0
15.311551140170623,1,7142,1670,49,22,53,0,0
17.42205972219004,0,3156,1124,28,22,443,0,0
3.727544591994125,1,57073,72,128,43712,445,9,1
12.245926936904048,0,554,893,34,22,53,0,0
0.0,1,8329,84,5,8365,21,3,1
17.832016859287243,1,453,10816,27,80,80,0,0
8.830919349972659,2,7554,418,131,3240,21,7,1
21.399184467127906,0,2440,642,43,80,443,0,0
11.404652886626815,1,1788,3179,30,80,80,1,0
0.0,2,2075,4966,32,80,443,0,0
6.714299212760796,2,6583,89,156,24932,8080,5,1
11.467946914030207,2,27253,296,158,45935,8080,5,1
3.7864540695870734,2,1961,550,294,46445,139,9,1
24.67064969945352,0,1821,11818,49,443,22,1,0
3.3747419228810855,0,943,1921,52,80,53,0,0
0.08488125519995338,0,7244,66,194,48427,23,7,1
38.14479814824209,0,1358,2636,29,443,22,1,0
1.0782783722911464,2,18230,204,339,52857,139,2,1
23.940541659520672,0,1246,2784,45,80,53,0,0
24.98053596449974,0,835,4661,22,80,443,0,0
13.60490534617401,1,1618,1677,40,16236,53,2,0
3.4820239543455465,2,16163,26,147,55018,23,8,1
27.111048645895327,0,1679,6971,39,80,53,0,0
21.951797744500507,0,3045,5247,68,22,53,0,0
10.050425437335008,0,1631,6094,41,443,80,0,0
0.0,1,29126,40,199,40322,8080,2,1
24.295863674711924,0,1953,5553,54,51065,443,0,0
14.754775013058296,0,3831,1095,37,443,80,0,0
2.46240390575666,2,25156,217,193,7507,3389,12,1
4.2698632475811475,1,1201,229,196,5233,445,9,1
4.297660105555444,0,4118,27,299,23831,25,10,1
10.992605298810783,1,1164,2944,43,80,80,0,0
36.138513891944584,0,1241,2245,5,80,22,2,0
0.0,1,16750,40,128,16252,23,7,1
0.0,2,7298,193,216,28550,3389,5,1
12.528249766190015,1,1045,1446,40,443,22,0,0
9.532351948184225,2,37666,49,300,1606,3389,11,1
10.150081781688085,0,26295,90,285,18440,23,10,1
7.911170609101369,0,700,4824,31,22,80,0,0
8.661500872053455,2,8842,235,262,42825,445,11,1
20.033480543829754,1,3570,4738,44,443,443,0,0
4.175192337365857,0,22100,162,182,26765,445,9,1
19.781049702829428,2,1409,2084,34,22,80,0,0
16.629210905464912,0,1246,602,27,80,53,0,0
22.51881834183564,0,1618,6066,13,80,80,1,0
0.0,2,4175,151,213,14603,8080,9,1
15.793145443640029,0,1041,3273,12,80,53,0,0
2.0612230467500816,2,25854,86,52,57605,25,8,1
8.77065929365785,2,30555,217,63,18383,8080,9,1
0.5090361488600887,2,9881,180,257,48511,25,2,1
11.59851782563624,0,2753,3186,38,443,53,0,0
0.0,1,28853,115,275,54446,445,8,1
20.38449292198113,1,2762,2180,31,54643,53,0,0
0.0,1,1246,2953,44,22,53,0,0
0.0,1,2822,4140,47,443,22,0,0
25.791407998710866,0,1434,1387,18,22,80,0,0
27.25073043945964,0,1125,8068,35,5245,22,0,0
1.3035101722899898,2,7926,131,199,13632,21,2,1
14.801802952401264,0,3261,2928,54,443,22,0,0
7.700203202073312,2,9532,74,247,7255,139,4,1
15.78387341165147,0,984,8163,14,443,53,1,0
16.63519271303615,0,1796,2060,43,443,22,0,0
19.132640849508647,1,2481,5461,36,443,22,0,0
6.899904949367526,2,18586,59,231,29763,21,8,1
5.54562997653497,2,21878,27,35,33711,8080,3,1
15.026949149244544,1,1825,2880,35,443,443,0,0
18.97166727503626,1,906,297,52,9528,80,0,0
0.0,1,14352,180,442,49319,25,5,1
1.7550506674718815,2,10187,131,42,64516,8080,11,1
23.670627016440207,0,1174,3096,24,80,53,0,0
0.0,2,28551,92,154,61067,139,4,1
8.376433528487652,1,4496,127,279,926,21,8,1
0.8925798003265877,1,7068,167,5,20983,135,10,1
14.090324169483807,1,685,498,49,22,22,0,0
22.59735628806056,0,627,2948,50,22,53,0,0
0.0,1,22132,72,92,2927,23,5,1
9.81248175722417,0,3336,1927,38,22,443,0,0
7.552524868215019,2,6602,278,227,6511,3389,9,1
24.250574134698226,1,2245,2926,47,443,443,0,0
3.1904581363305002,1,1547,3579,40,80,443,0,0
12.172149211417446,0,1198,2292,48,443,53,0,0
0.0,0,4473,58,346,30520,23,10,1
0.8932979171335425,2,25988,52,246,35349,135,9,1
22.37291531156514,0,2875,2009,46,55867,22,0,0
6.808340970006866,2,32143,68,184,63926,8080,12,1
12.561738312866407,0,1406,1090,24,80,80,0,0
21.284958443246772,1,1630,1254,49,443,80,0,0
2.8311426551506003,0,2073,1681,38,80,80,0,0
10.711271434177306,2,1935,96,131,6725,21,2,1
16.090780622053636,0,1072,3506,51,22,22,0,0
2.7438640305395694,2,405,4217,37,9231,22,0,0
3.5241261334073752,2,39371,33,376,55915,139,4,1
12.315596243607116,0,325,1958,30,443,443,0,0
30.603576899500872,1,2312,7388,18,47901,22,0,0
3.5451382337422013,2,13576,147,243,20938,445,12,1
2.1373668141782156,1,55316,49,297,11928,8080,7,1
1.2356298342057062,0,11556,59,244,25753,21,11,1
16.418193514715448,1,574,2367,45,80,443,0,0
14.88236483114713,0,1680,1364,57,443,443,0,0
18.959033744805744,0,526,3930,19,37883,53,0,0
4.534553133448939,0,1886,72,330,8729,8080,10,1
0.0,2,4149,89,32,32577,23,11,1
0.0,0,922,6119,41,80,80,0,0
0.0,0,17121,38,362,33646,139,2,1
46.15410854886841,0,2246,1971,43,443,443,0,0
2.371814747551424,2,757,1911,27,18118,80,0,0
22.933917826734245,0,2059,5128,35,54399,443,0,0
26.414721853729194,0,1996,484,11,16951,443,0,0
4.880675670347211,2,8941,63,152,26458,3389,9,1
33.50066295807966,1,238,4625,16,443,80,0,0
8.821244183476031,0,423,8240,45,22,80,1,0
0.0,1,24584,160,214,31811,3389,5,1
22.45880687368711,0,1050,3777,33,46978,53,1,0
10.671687515010824,2,10607,247,255,26631,139,7,1
4.0111169646066465,2,13981,62,299,18472,21,6,1
29.59868306386781,2,3780,1349,21,443,443,1,0
8.444874880146699,1,1310,4745,27,443,53,2,0
10.35172562021375,1,579,5807,36,443,22,0,0
0.0,0,6676,20,99,24978,25,4,1
11.131993282600945,0,1582,4198,41,22,53,0,0
22.437602124540156,0,3283,17850,39,80,443,0,0
28.82659992952412,0,859,1519,54,18552,80,0,0
6.255850387072702,1,1690,3688,40,22,53,0,0
2.519699749585302,0,73875,159,290,39230,21,7,1
6.3245211717416225,0,31548,34,271,45692,23,11,1
10.663604255945966,0,816,3167,39,443,80,0,0
3.9837734022505824,2,15216,82,112,56759,445,12,1
1.4920428048449803,2,8410,88,261,37498,139,2,1
0.0,1,448,1844,60,80,80,0,0
7.624846569327403,0,1321,8040,15,443,80,1,0
22.999252020284125,0,726,8519,41,33686,443,0,0
0.0,0,680,1605,18,22,53,1,0
32.31457067827154,0,568,8473,43,60820,80,0,0
11.230005084245974,0,1200,3197,42,443,443,0,0
0.0,1,28248,130,121,53109,25,10,1
32.110267453904186,1,2017,3771,32,443,53,0,0
13.243919739192842,1,3837,1791,42,22,443,0,0
17.712690689677018,1,1862,2637,48,443,22,0,0
0.0,0,36764,54,313,162,8080,11,1
6.441360017630272,1,16726,121,188,47826,23,7,1
22.65912679083354,0,3189,2597,44,22,22,0,0
18.273768012167086,1,5149,6178,7,22,53,0,0
6.023835633912899,1,8987,76,432,53394,23,7,1
5.417302953654469,0,12573,99,150,21532,135,4,1
23.734024323766825,0,2383,1444,35,60108,53,0,0
2.7782337742143226,2,56397,171,231,52288,135,10,1
1.6121647266398793,0,16916,39,156,30590,135,3,1
1.7013223596929474,1,4237,95,259,26763,8080,12,1
33.593181643643064,1,1035,7072,44,65063,22,0,0
14.941714448388453,0,1613,3179,23,80,22,0,0
30.966566562252027,0,1373,9126,21,443,80,1,0
16.267889830607615,0,1387,4891,27,443,22,0,0
9.903032964743248,1,572,2631,43,7865,22,0,0
5.36365354066278,2,10169,167,343,9071,3389,12,1
10.171225300393228,2,25768,110,293,19515,23,5,1
3.4370682061004665,2,15229,27,139,61012,23,9,1
23.499101577782415,0,4715,1801,58,22,80,0,0
2.8669301053491005,1,22040,71,131,3232,25,5,1
1.3258185927516961,2,30306,211,210,5884,445,7,1
22.746802497661957,0,446,2765,41,3993,53,0,0
12.792491606395176,1,573,4963,37,23604,80,0,0
5.039025457700406,2,3305,51,213,50654,3389,5,1
11.474334102523411,0,2482,1890,62,80,22,0,0
6.979362133236801,2,703,3037,44,22,53,0,0
0.0,2,26554,34,100,43822,8080,10,1
2.9278135022539202,2,9395,104,191,52977,25,6,1
0.9272941212175612,2,9145,105,273,10001,3389,11,1
32.13712562106156,0,1153,2687,38,22,22,0,0
0.0,2,26989,34,106,56633,3389,2,1
19.9490966372008,0,871,1970,43,22111,22,0,0
20.91379606786795,0,1001,3382,26,22,80,0,0
3.0824928190856715,2,11541,171,85,37205,3389,7,1
2.7351562183412192,2,5221,110,217,4340,8080,11,1
13.724525243827571,1,2166,1085,31,22,80,0,0
5.761802162476275,2,24762,112,237,5576,135,12,1
4.4184848026824115,0,15608,31,154,58791,445,11,1
0.0,2,6506,78,277,21974,139,10,1
18.563465890707043,1,965,10238,65,9691,80,0,0
0.0,0,21592,377,244,56552,3389,3,1
24.821381891977946,1,4152,4641,17,54431,53,0,0
34.49198763050181,1,731,4819,51,443,443,0,0
2.9595111342654916,2,45546,60,51,49818,21,12,1
13.582030650626127,1,787,7789,40,443,53,0,0
11.440186642058016,0,1390,2764,32,10287,53,0,0
15.721123612242693,0,1234,3835,53,22,22,1,0
27.648050582672973,0,2121,4540,14,80,443,1,0
10.829972774168963,0,473,1967,20,35854,53,0,0
31.594309879136038,1,3163,1927,50,80,22,0,0
10.156189815500854,1,2265,5157,24,10766,80,0,0
10.576727261557117,0,1968,1316,41,443,80,0,0
21.51140514049365,1,414,2257,37,60419,22,0,0
0.0,2,8188,46,294,44541,3389,3,1
21.93284650968926,0,3724,3227,26,22,53,0,0
34.69473598644681,0,3255,2487,48,80,22,1,0
10.866093699865417,0,315,1379,40,80,22,0,0
24.459594238448073,0,1326,2369,2,443,443,0,0
0.0,2,31162,124,189,54387,23,7,1
8.441910400736635,1,1463,2091,36,22,443,0,0
7.662001778608359,2,9092,261,173,34859,3389,5,1
3.691041827428851,2,5173,250,256,12249,8080,8,1
2.787560613672948,0,1908,1175,33,49655,53,0,0
12.388168167281085,0,2353,1282,31,80,22,0,0
35.51180146373123,0,6536,2721,31,22,22,0,0
1.4546282238898753,0,5566,73,5,65127,25,8,1
26.597246005382928,0,2261,1913,28,443,22,0,0
18.208207963226485,0,1130,2967,40,22,53,0,0
15.703851278953774,1,1117,1117,56,443,80,0,0
3.69174801776376,2,11998,59,201,41724,8080,10,1
10.577889222170663,0,1595,7350,2,443,53,0,0
3.4298895550574113,2,9752,20,217,60304,21,12,1
33.92608495764462,0,888,3247,49,35771,22,1,0
10.233564049467965,2,14970,224,210,60143,21,4,1
9.1382028952339,2,9438,137,5,8612,135,5,1
6.193105479956863,2,22408,104,293,10274,25,7,1
0.5746315050310913,1,3580,154,144,22571,8080,2,1
0.24318293113527378,1,11526,104,28,56141,8080,5,1
5.644603222649486,2,48424,380,158,10710,139,2,1
4.510314917066098,2,5353,35,142,51523,135,7,1
5.211128516494179,2,6072,110,80,31299,445,7,1
7.619504687974256,1,1768,2623,56,22,53,1,0
17.161812212683536,0,1758,2467,27,22,443,1,0
24.59718789045705,0,3927,1966,50,443,22,0,0
22.211499334161644,0,857,7417,61,36499,22,1,0
14.53488107303531,0,2144,2690,52,80,443,1,0
20.049696563207103,0,1081,5688,48,37811,80,0,0
4.46815512257737,2,2481,41,284,64493,21,9,1
26.028332110504046,1,906,2857,2,443,443,0,0
13.03742769423674,0,3013,2580,45,443,443,0,0
32.34173387134599,1,4398,1540,23,7670,53,1,0
3.1743875303073836,2,11241,48,259,24809,445,12,1
14.615659482809754,0,1574,17597,25,13502,80,0,0
2.6191085581012357,2,16081,393,384,59051,21,4,1
13.208268640168743,0,1063,2538,26,443,443,0,0
19.467357478326175,0,2897,7186,11,80,80,1,0
5.123289830447149,2,4516,31,305,2812,139,2,1
29.666894748409426,0,1626,1786,31,22,22,0,0
14.32384012761162,2,5523,98,175,31977,3389,4,1
5.552365898142689,1,922,3137,44,80,443,0,0
0.0,0,14098,54,30,63457,23,4,1
10.886468223270006,1,1663,14200,32,80,53,2,0
0.0,1,11698,71,127,9527,8080,11,1
35.218771739762005,0,987,9477,19,443,53,0,0
1.5293970294457944,0,4257,918,129,24273,23,2,1
34.771420742433676,1,1737,5079,49,18790,80,0,0
10.832426575088943,1,814,13792,46,80,80,0,0
12.50045497705276,0,48793,24,185,64383,135,7,1
26.20958110785497,1,2840,1375,43,9995,80,1,0
16.221893458063875,0,596,8196,34,80,80,0,0
13.872165215353348,0,1316,1409,30,23834,22,2,0
3.6685733233824998,0,5182,2802,44,443,80,0,0
18.800347755616624,0,934,2167,35,22,53,0,0
28.126403694946305,1,2495,2308,20,7753,80,0,0
39.83719688397758,0,1339,2824,34,443,53,0,0
11.453229813381771,1,1101,1469,46,22,22,0,0
5.610900943860246,0,3092,4144,30,443,80,0,0
6.380186300868583,0,16787,229,121,50190,21,4,1
0.0,2,21343,319,310,56532,135,12,1
15.728327943200437,2,1257,1885,57,22,22,0,0
22.99647736516603,0,1207,1833,34,22,80,0,0
12.824416762663516,1,8831,5014,29,80,22,0,0
23.6666647683312,0,1747,6182,40,22,443,0,0
7.030264982785148,0,2442,4577,60,80,53,0,0
20.92694232576745,0,809,7743,13,443,443,0,0
11.900695185929616,0,2524,2581,32,443,53,0,0
0.9184993447436476,2,6482,62,162,41953,3389,6,1
2.7327118017747223,2,28135,193,5,43109,25,6,1
30.949998020965346,0,1182,3261,28,11070,22,0,0
4.054168207852285,0,9395,107,231,85,139,3,1
9.225442299018596,0,371,3232,31,80,22,0,0
3.170540261169755,2,869,1327,35,443,80,0,0
27.860362903133264,2,2690,1579,38,80,80,0,0
9.989058033590824,0,6693,4819,45,22,80,0,0
0.0,2,14988,20,62,56514,8080,3,1
24.649915531123373,0,2776,2083,53,22,80,0,0
2.042363267219244,0,7977,37,18,41271,135,4,1
38.65806310375166,2,2075,2359,34,22,443,1,0
29.02893655228126,0,3526,4163,23,443,80,1,0
26.70487226019945,1,2292,9990,59,20710,53,0,0
6.676156028816869,1,47269,20,202,30067,135,3,1
19.79608061469876,1,858,800,48,443,443,0,0
18.68010078975015,0,3699,4741,23,443,53,0,0
0.0,0,31140,88,309,9903,25,11,1
34.427258102320195,0,561,5929,23,35915,53,0,0
22.711653940048066,1,1848,1972,19,443,443,0,0
0.0,2,3679,533,159,28891,21,3,1
0.0,1,19224,37,5,7640,135,8,1
2.697188957518574,0,3604,166,280,35412,8080,6,1
5.761518739160195,1,840,1538,30,80,443,0,0
0.0,2,16180,112,117,18556,25,11,1
20.734626368793876,1,599,1471,9,35280,53,0,0
5.502949891897366,2,5770,360,181,40828,25,4,1
5.314643931962632,0,905,1615,48,22,80,0,0
22.751731163414238,2,4643,1750,19,27278,80,0,0
4.829853103172553,0,2195,12232,4,22,53,0,0
17.117505580921954,0,1248,3874,53,22,80,0,0
1.3553582143089051,0,6000,27,145,57727,25,2,1
4.136774308213004,2,25675,21,107,15376,21,7,1
2.794228261417922,2,12131,94,221,23275,3389,12,1
42.35561939042649,0,1955,2272,51,22,22,0,0
5.539414460284471,0,1458,3203,55,80,53,0,0
8.390988931150387,0,7845,118,230,39209,135,2,1
13.565513453124794,0,2805,2385,25,22,443,0,0
32.413498670440326,0,2092,2085,55,53843,80,0,0
14.922798751797618,0,1154,801,70,443,80,2,0
0.0,2,18975,80,133,7564,25,3,1
7.3005340740757765,2,9600,317,88,36368,21,10,1
5.529190899156628,2,25881,305,265,45594,139,11,1
18.25678634567863,1,2344,5392,21,22,443,0,0
0.0,2,10258,78,204,49824,25,10,1
17.496053670099766,1,702,6135,41,443,443,0,0
0.0,1,6072,49,193,12184,3389,4,1
14.471555146866745,0,705,1179,31,22,53,0,0
2.353658893297407,1,1167,6585,35,443,80,0,0
5.364662515685913,0,43896,44,60,35022,8080,3,1
21.378558170961774,0,575,2055,64,31417,53,0,0
0.0,1,11792,160,264,47272,3389,2,1
28.743253360250222,1,976,2443,23,22,22,0,0
11.164046929639962,0,1003,1320,42,443,22,0,0
32.474986895877144,1,1503,2597,33,22,22,0,0
0.0,2,14269,67,185,64392,135,3,1
13.231312824432806,0,4180,1668,8,80,80,1,0
18.152130844688166,0,1150,1550,51,22,53,0,0
7.64671398260403,2,10636,86,219,20449,135,11,1
12.668753592237149,0,1524,1681,32,443,22,0,0
0.0,1,4886,31,5,32529,139,12,1
8.256908438313252,0,7476,64,246,6387,23,4,1
4.186879025475241,2,2700,171,322,27805,135,5,1
5.644003634227339,0,1497,4794,30,44155,80,0,0
2.6709648493938323,0,6039,173,133,30577,25,11,1
0.7105805239048957,0,13584,50,260,34239,23,6,1
0.05324869349685901,0,12256,36,5,12957,8080,11,1
0.0,0,22123,122,326,29768,23,4,1
1.1575092085050134,2,13348,171,33,36958,445,6,1
2.875701244772392,0,22450,142,189,61755,3389,11,1
26.13261683236552,0,3906,4193,11,80,80,0,0
24.248032486440138,0,459,1625,45,55532,22,0,0
11.638257306208335,1,3990,5031,43,7475,53,0,0
0.0,2,2711,39,226,30079,21,5,1
6.300083076358273,0,22607,34,415,13895,25,7,1
0.0,2,11063,51,259,49101,21,2,1
0.0,2,26526,105,208,51553,445,12,1
19.542932629453066,2,1712,2807,42,443,22,0,0
0.675132074788733,0,29847,208,231,56733,3389,2,1
0.5307685110949443,0,2426,6548,29,22,22,0,0
3.1877895785870987,0,18558,107,9,2119,21,11,1
26.857045104353165,1,1032,3642,25,80,80,0,0
2.3827550001972986,0,23895,450,273,20086,135,6,1
13.853077176468037,0,972,9610,25,80,80,0,0
21.510853912459588,0,2652,2964,27,19616,53,0,0
0.0,2,19000,33,428,32733,135,5,1
5.24096950761435,1,9942,20,210,40731,25,8,1
12.682211251023457,2,5807,78,151,61280,23,4,1
0.0,2,20397,58,188,59478,21,11,1
3.0777772899737608,1,18467,285,393,6650,25,4,1
12.669131906394082,1,2790,11380,33,443,22,0,0
18.699352562536568,1,4234,6554,26,80,53,0,0
2.7967648406628554,1,14662,164,438,29581,3389,2,1
1.5311942684061726,2,11341,149,289,41962,23,5,1
5.82030326977317,0,125083,193,379,18801,445,9,1
11.940184561124045,0,1217,4211,20,29198,22,0,0
22.51245394382972,0,2058,936,35,57937,22,0,0
5.175900568204692,2,46331,28,164,1945,8080,8,1
19.02536586627063,0,1321,3606,21,443,53,0,0
14.514936100943999,0,846,1577,18,22,443,1,0
5.637629966477277,2,27625,200,25,30275,25,7,1
1.52781249707831,2,28333,342,285,42940,23,6,1
4.9934023851327165,2,1185,134,5,12375,8080,9,1
33.891495748235656,0,1363,17568,15,443,53,0,0
0.0,2,8482,55,55,9291,3389,7,1
10.189336762230678,1,12826,20,208,18160,139,8,1
0.08004659486784504,0,1207,3538,61,80,53,0,0
5.768729224279897,2,13988,132,206,18378,3389,11,1
6.588576392133316,2,13125,102,144,53947,21,4,1
0.0,0,11783,132,267,34454,445,8,1
13.17979613861634,0,4076,1495,8,48813,443,0,0
15.821985682065495,0,2712,4891,25,80,53,0,0
20.660329797704385,0,1265,1069,47,80,22,0,0
27.753795438044115,1,1829,7039,21,22557,443,1,0
11.04793728770782,1,4119,13370,27,80,53,0,0
0.0,2,21935,48,299,20059,135,12,1
0.0,2,6996,23,90,58462,139,8,1
14.600094023349266,0,1617,5767,30,31538,53,0,0
1.6777146474097606,2,15249,169,538,10094,139,4,1
3.059394054438828,2,18296,25,285,1109,23,7,1
10.560135722541963,2,909,4931,49,443,22,0,0
5.583248648795758,0,27310,31,390,10267,8080,12,1
11.588903476380182,0,7625,129,135,33831,445,9,1
10.802432034612721,1,601,9048,42,36027,22,0,0
21.158282886192076,0,1740,2404,37,60924,80,0,0
13.116580602891414,1,2155,3211,42,22,443,0,0
10.241688518769994,1,218,6059,62,80,443,1,0
25.384499297117564,1,1233,1718,38,443,53,0,0
3.481876123217204,1,8782,87,344,47210,135,6,1
3.1588969747775413,2,12172,20,291,41373,23,6,1
33.32704279522181,2,1627,974,43,443,443,0,0
31.197202911881362,0,1731,4833,39,443,80,0,0
17.41545790970747,0,658,1489,42,80,443,0,0
3.215288770310754,2,3667,119,72,37659,21,9,1
15.177536647100448,1,1656,5076,43,443,80,0,0
15.942323430083807,1,553,3329,27,80,22,1,0
0.7589507221026563,2,2077,87,150,21616,135,6,1
32.04432098910941,2,615,2245,25,5788,53,1,0
24.470834486981687,0,2075,2412,26,443,22,0,0
20.70303124390103,2,889,2481,38,43685,53,0,0
6.054726917520648,0,43839,166,111,19712,135,8,1
29.808901040276737,0,1563,826,40,443,443,0,0
17.53525453092505,1,782,2422,11,443,53,1,0
13.873148163317612,0,2914,2728,20,443,22,0,0
27.58460355699368,0,435,641,57,22,22,0,0
25.278849488997007,0,4713,1756,46,80,22,0,0
5.414993630929572,0,5638,97,5,33592,135,7,1
0.0,2,23207,99,5,31083,135,7,1
15.667292826412309,0,2384,4510,2,22,443,0,0
20.796941698411835,0,4310,15349,50,22,53,0,0
17.187554494919233,1,242,3210,31,25826,22,0,0
2.236757569945444,2,14364,33,120,15490,3389,9,1
0.9485445271554931,0,51611,22,83,35309,25,3,1
5.718176476418524,1,9096,20,111,30613,135,2,1
6.4776931981451975,2,10546,157,227,4482,445,9,1
0.0,0,44035,257,161,24827,21,4,1
15.620301970353676,1,2511,1161,30,80,53,0,0
23.60600852443626,1,2371,1539,56,443,80,0,0
25.694821209364505,2,2228,4389,6,58182,53,0,0
3.3419987838111567,0,6196,4243,22,22,53,0,0
2.8057780379995436,0,10354,94,161,45131,139,4,1
7.895142156278922,2,4309,76,5,12184,21,12,1
11.244558862019,0,3220,2836,51,22,53,0,0
36.37084304200672,0,977,9078,38,80,80,0,0
6.324435353734616,0,986,1775,13,32515,443,0,0
0.0,0,178280,40,309,54712,25,9,1
26.586225124333343,0,5069,3171,51,22,53,0,0
34.40769790822975,0,691,10803,2,53959,443,0,0
24.346970011436195,0,938,3974,41,12418,53,0,0
11.174093144676887,0,2929,7696,55,17816,80,0,0
46.169151906758486,1,1361,2801,21,22,443,0,0
1.5498520608009048,1,3579,20,117,49595,445,9,1
22.88921937559333,0,609,1079,37,35711,22,0,0
8.719823944582483,2,1671,1639,47,443,443,0,0
10.442983492565158,0,2165,10988,34,443,443,2,0
16.276676448049336,0,1767,1413,47,22,80,0,0
0.7914130999772775,2,65374,216,94,63199,3389,7,1
30.352655214198457,1,3774,1729,24,15804,443,0,0
19.23744662471592,0,2102,3131,14,80,53,0,0
15.1486110320525,0,851,2764,17,42842,443,0,0
35.4034033935608,0,309,3280,28,80,80,0,0
0.0,1,11598,266,122,31648,21,11,1
16.727756573074558,0,8073,1664,27,32045,443,1,0
25.074432761731035,1,1131,734,34,22,443,0,0
19.994775099870918,0,5069,4049,62,443,443,0,0
4.003485884438414,0,1440,42,77,39035,23,11,1
9.662178412370945,2,32711,64,70,11119,21,10,1
0.0,0,2509,461,220,25479,25,3,1
20.160999471723287,0,434,3305,68,22,53,0,0
6.154042739681456,2,27917,26,161,20106,139,4,1
24.040542691480145,0,2850,5222,22,64143,80,0,0
6.694898093957729,0,276,4978,36,28521,80,0,0
4.043498387339432,1,5033,92,36,3512,25,3,1
6.436528249373607,2,1782,4119,28,52361,443,0,0
8.163929420181981,2,121827,271,190,45533,139,7,1
0.0,2,39725,33,231,12777,445,9,1
0.1553235958103536,1,4014,32,368,48540,445,4,1
2.1440546860564274,2,8219,44,95,12751,3389,6,1
3.0877432257465287,1,17458,155,148,44882,8080,12,1
25.877598025410947,0,686,1765,15,443,22,1,0
0.0,2,15428,51,326,2553,8080,5,1
26.398898049879286,1,4664,2434,20,22,53,0,0
3.7076498580115516,2,11049,76,28,56408,8080,7,1
7.787308102516457,1,2864,6252,34,51789,80,0,0
19.85893169924529,0,7001,901,34,443,22,0,0
15.31525492775376,0,3015,2228,51,54005,53,0,0
4.165124422498233,2,9276,35,254,37561,25,10,1
8.025270953031434,1,10291,192,300,42501,8080,5,1
23.944352463526762,1,2418,2450,30,80,22,0,0
0.4956217907787064,0,788,4848,10,80,53,0,0
8.709783225587765,2,6048,102,288,46727,445,2,1
25.991648083928055,0,2143,3825,8,22,80,0,0
10.799646423201413,0,17774,89,170,14454,3389,11,1
6.9135863383166445,0,822,20446,37,22150,22,1,0
11.333799829325102,2,1282,1188,37,80,80,0,0
19.039964624254754,0,661,3854,11,22,443,0,0
4.771032726656214,2,20217,60,143,40519,3389,8,1
0.0,0,3330,5862,23,80,53,0,0
32.65730734197198,0,736,4902,25,80,443,0,0
7.1621442705687395,2,10900,97,38,6591,23,11,1
9.838395370831915,0,1084,1255,18,39115,22,0,0
25.94234181377733,0,686,2186,24,80,80,0,0
15.332122341619742,1,538,5495,25,443,22,0,0
7.294917956886735,0,2390,2271,18,443,53,0,0
23.30163829729506,0,4996,977,33,48153,53,0,0
12.81492868842028,1,1274,2288,38,443,53,1,0
34.66861771129237,0,2086,2530,29,443,22,0,0
14.400922768431817,0,1437,3811,35,30469,80,0,0
20.29386696105258,2,4475,1357,57,22,80,0,0
32.874068545664905,0,836,4544,11,80,80,0,0
16.922858527747742,0,711,6609,26,443,80,0,0
17.048554988911814,0,1401,2191,41,80,22,0,0
27.77634956502686,0,1222,5874,6,65123,443,1,0
4.8680067406657415,2,11732,225,107,286,25,6,1
36.2931229842079,0,2236,3593,8,47755,53,0,0
10.699182794678778,1,1670,3228,18,80,22,0,0
4.418664589292436,2,54567,66,227,17799,23,8,1
33.07804631602988,0,765,4259,50,22,80,0,0
12.887780846380553,2,8248,206,264,17431,445,12,1
1.9320378782360756,1,29167,82,76,39798,3389,10,1
9.252577004132023,0,626,5580,40,80,80,0,0
6.142457181723111,0,15334,148,240,39429,139,11,1
18.532704597358066,1,1857,5271,52,22,53,0,0
13.74098094001174,1,588,3271,27,37000,53,1,0
12.245606469592218,1,1334,3605,61,80,53,0,0
3.1417395281640985,1,689,1936,55,443,443,0,0
0.0,1,1540,7090,23,57279,80,0,0
0.0,1,17786,20,42,29465,135,12,1
2.729177783979535,2,57698,47,163,47480,3389,8,1
6.179357765275931,2,24775,119,172,54662,445,11,1
0.0,0,4650,182,165,21390,25,9,1
44.89156725595437,0,656,3465,47,80,443,0,0
26.719174765027365,0,1078,2932,12,443,80,0,0
12.718778634439278,1,2733,7645,52,80,80,0,0
2.8401675414202296,2,35616,102,89,11834,135,11,1
5.025159922285179,2,15382,222,112,53806,445,8,1
4.504895080281159,2,3130,266,221,6709,8080,8,1
31.10304855165455,0,1208,3469,19,56520,53,0,0
9.71459656557058,2,4908,86,76,34017,445,4,1
3.285171513449856,2,3831,186,5,18844,135,8,1
0.0,0,1009,8471,23,443,80,0,0
18.801687639711542,1,738,633,32,52508,22,0,0
0.21885410627090573,2,2905,202,202,44922,21,3,1
3.668430495430208,0,993,4763,57,443,80,0,0
4.906781995354298,2,32859,93,300,26247,445,6,1
20.688943713808094,0,1571,3788,8,8228,443,0,0
31.529935632789375,1,522,4025,55,443,22,0,0
3.670791672874857,2,50388,196,114,5968,25,4,1
23.680853376606436,0,683,1695,28,80,53,0,0
6.473207931901703,0,953,2604,43,22,443,1,0
20.692482997010146,0,735,3752,26,80,22,0,0
16.70322985812434,0,1603,5548,37,22,80,1,0
17.955275947479493,0,880,3572,42,443,443,0,0
3.291987546788368,2,96671,50,129,45634,25,4,1
23.02711394883957,0,953,3141,29,443,443,0,0
24.42349977276577,0,456,2019,22,22,53,0,0
0.142755372492275,2,17998,51,254,47554,23,2,1
0.0,0,48763,260,226,14094,21,11,1
18.840198819123323,0,990,9402,44,443,80,0,0
37.4974504267696,0,6934,1780,54,27713,22,0,0
18.741921026083194,1,2445,4907,46,22,22,0,0
4.08529431831092,2,12429,354,345,50639,8080,12,1
33.352795054279,0,558,3824,11,11389,80,0,0
23.851122244787515,0,1064,1290,40,80,53,0,0
0.0,2,101701,118,160,9157,139,6,1
22.300895797578818,0,8323,584,32,80,443,0,0
35.686298659022114,0,1041,1448,65,59322,53,0,0
45.52214437212169,1,942,1439,19,3773,22,0,0
23.185420534991586,1,668,4100,17,443,22,0,0
28.46586617612588,1,4243,7211,31,443,80,0,0
10.873333643142981,0,818,3176,40,36451,80,1,0
20.581978633311333,1,1713,1028,24,443,443,0,0
27.73199018302659,0,791,9393,31,22,22,0,0
0.0,1,25635,70,367,19389,445,4,1
17.00750552863132,0,400,2308,53,443,53,0,0
1.7900305952808975,0,24015,193,182,25674,139,10,1
35.5041671843021,0,542,1809,50,12493,22,0,0
32.75477351858315,0,3567,2051,44,19465,22,0,0
1.6358905179184735,1,5514,75,217,60871,445,3,1
8.87661046393293,1,1731,1256,54,443,443,0,0
8.155123567151902,0,487,3514,47,443,22,0,0
0.0,0,2151,1232,6,45926,53,0,0
3.6577008747318036,0,971,1986,33,443,22,1,0
16.070265555816437,0,2439,1316,22,80,443,0,0
1.2722807880562335,0,8788,302,312,8274,23,12,1
5.2022656212287135,2,8197,43,267,3774,25,7,1
15.718491264804019,0,2515,1685,24,22,80,0,0
22.29286595454151,0,1800,4821,30,22,443,0,0
6.263121583109287,0,2105,6476,34,80,80,0,0
2.189222305732148,1,29731,83,5,8441,135,11,1
2.279753004543481,1,76956,204,119,30347,21,12,1
18.52297118748591,0,925,4536,24,80,53,0,0
14.322228735412038,1,2556,3413,61,443,443,1,0
27.602628953542748,0,547,2371,41,443,22,0,0
12.2953350980663,0,1516,932,14,22,53,0,0
15.459038946794339,0,1252,3294,58,22,80,0,0
1.4112605300320653,0,29692,107,73,25440,8080,12,1
24.236982815966137,0,1230,1523,8,25327,80,0,0
0.0,0,2975,8717,66,443,22,0,0
26.89034298470395,0,830,4032,53,443,22,2,0
2.3636083407254462,2,7575,100,186,37459,135,12,1
7.286607270696468,0,7980,134,144,39132,3389,9,1
27.648825375970304,1,423,1255,57,8356,80,0,0
26.077067564445734,0,1445,4674,39,22,53,0,0
12.11536222748722,1,6596,2163,44,22,53,0,0
5.4638972118023705,0,1960,829,36,22,53,0,0
4.99095840334719,0,22858,59,349,17176,8080,5,1
4.99498978986003,2,6728,66,210,16974,3389,2,1
0.0,0,1467,2646,36,22,22,0,0
41.4980351692019,1,1156,2585,54,22,443,0,0
33.45744028293417,0,1007,6124,26,22,22,0,0
12.07772319933747,1,882,3384,28,11095,22,1,0
0.0,1,926,164,113,10841,25,7,1
0.0,2,65956,73,302,20149,3389,12,1
5.49116369149473,0,1948,1855,28,443,53,0,0
5.997018666017051,1,10024,39,181,52763,21,4,1
0.6946163264397711,2,304122,66,212,43212,139,8,1
10.752701005522288,0,1054,4213,17,36302,80,0,0
0.0,2,19747,66,260,50017,445,10,1
10.958769009081728,1,1217,5579,39,22,80,1,0
10.467627302587243,0,2091,1126,31,22,22,1,0
5.710045172379454,0,9006,62,219,8173,25,9,1
0.0,0,14080,34,196,64068,139,5,1
3.878548084472807,2,110500,77,166,58461,135,7,1
3.9893162852087976,0,8158,193,40,24398,3389,9,1
2.054323112776739,0,730,2896,32,443,80,0,0
6.677048128969445,0,3110,63,172,60299,23,6,1
16.88092853162819,0,1603,2178,31,51155,22,0,0
5.198914549441594,2,34731,38,368,13580,135,10,1
12.798271775295522,2,1806,1541,44,80,53,0,0
10.327281576771554,1,687,969,36,80,53,1,0
9.012271601039005,2,28299,70,57,65304,135,12,1
4.904481248933507,1,21626,63,182,59662,8080,4,1
11.329091437108067,0,7434,35,35,44913,23,2,1
2.031992901679025,1,27189,51,206,23517,25,5,1
13.794757558331352,1,2923,3030,38,22,22,1,0
1.4037536195770273,2,3060,121,87,61320,21,12,1
0.5451704133837829,0,6267,38,36,49848,23,12,1
5.411977871524443,0,12390,69,288,65114,23,12,1
6.195622570411803,2,9980,47,88,52578,25,3,1
16.091850847299433,1,452,4930,62,80,22,1,0
0.9332302837030833,2,17656,81,145,28363,3389,11,1
2.6651765210758644,1,11083,48,320,5073,21,9,1
13.029589273722856,0,1183,4311,46,443,53,0,0
13.893734000703379,0,1823,2989,30,80,22,0,0
0.0,0,8716,270,304,30764,139,12,1
9.643178937670898,0,1750,3317,36,443,53,0,0
35.09569486779664,1,821,2099,59,80,22,0,0
5.424044345195746,0,3500,141,224,27580,23,4,1
9.247860754607542,0,6627,40,124,16920,3389,10,1
21.5158024779545,1,1439,1781,17,22,443,0,0
19.085295858755668,0,1163,3893,32,443,53,0,0
18.60861692237822,0,1060,460,49,22,80,0,0
18.16490125432467,0,562,1680,41,43100,443,1,0
3.8414028815842167,2,3418,20,128,5430,3389,12,1
25.58779147254323,0,5834,3980,39,22,53,1,0
2.605506225516029,0,1335,3805,47,443,80,0,0
20.71671504658318,1,1164,5676,43,22,53,0,0
0.0,2,36913,192,135,60284,23,3,1
5.008215231774402,0,24657,43,248,13848,135,7,1
5.229022170565376,0,4192,2272,48,80,443,0,0
0.0,0,1834,14012,59,41470,53,0,0
28.51530565131146,0,2350,2141,75,30970,80,0,0
7.0573326706234765,2,367779,48,152,63576,8080,8,1
0.0,2,17463,48,103,10193,8080,5,1
26.022130139331875,0,2380,1679,17,80,443,0,0
4.995881779285961,0,9138,143,305,3013,23,8,1
6.070059841405854,2,25730,105,130,62414,8080,4,1
8.849408539324477,2,8967,100,94,3928,135,6,1
20.43757982139004,0,2112,1683,21,80,53,0,0
9.484411706909338,0,1588,8795,34,80,80,0,0
21.525211422196726,0,1135,1318,31,22,22,0,0
16.60729927396486,0,1033,978,19,9303,53,0,0
29.32883578946904,0,864,534,35,80,53,0,0
14.58029371367729,0,1358,2979,64,443,53,0,0
6.0955930612347,2,16335,150,207,51727,25,10,1
0.0,1,27431,64,311,28379,3389,8,1
29.308135861797908,0,3373,1319,20,80,443,0,0
3.6547747956324663,1,14717,228,327,10602,135,11,1
14.204428100259516,0,780,3042,41,443,53,0,0
6.338706043395309,1,16666,36,369,62343,25,11,1
13.539117662234666,1,957,3778,39,34593,53,0,0
4.462807554955866,2,2890,247,158,27153,21,8,1
0.6074060103302998,1,11124,182,139,32779,23,11,1
0.0,2,31336,46,311,60615,135,9,1
0.0,2,70425,62,59,63728,139,7,1
21.52949918399625,2,658,1914,46,22,443,0,0
5.622224860534059,1,6368,103,9,40647,25,10,1
7.3731586330607275,2,8816,128,262,4150,445,4,1
19.262300931554105,2,1169,2640,11,80,22,0,0
3.152261767915157,2,20707,304,299,56830,3389,4,1
16.517623618025965,2,3807,5885,16,443,80,0,0
25.550212581608342,0,1864,5853,16,48097,22,0,0
16.620816978737736,1,1201,10706,35,80,53,0,0
36.45017862808743,1,609,2678,42,22,22,0,0
19.117169768316046,0,3512,3644,21,443,80,0,0
29.01635569438485,0,902,7286,49,6885,53,2,0
7.87353555400748,0,1881,6370,47,22,53,0,0
0.0,2,4092,56,5,60888,139,11,1
0.0,0,5752,26,249,170,8080,8,1
12.724644810976228,2,37622,55,38,3547,445,7,1
33.767138818725456,0,2224,1319,29,3579,443,1,0
21.891030924616956,0,3919,8676,27,443,80,0,0
4.493286818854479,1,18131,65,94,2660,3389,4,1
19.89834678270654,0,1184,1858,16,443,80,0,0
16.05988085462437,0,1271,4229,38,36196,80,0,0
17.755598408757933,0,1719,1820,2,22,22,1,0
2.3895917347703746,0,9289,180,55,56246,135,4,1
6.280495017215113,0,988,1489,9,443,80,0,0
0.0,0,7666,43,213,11792,445,6,1
17.28694738815149,0,1797,11347,50,22,53,1,0
0.0,1,2935,190,88,47772,135,3,1
15.306004335391881,1,1855,1865,47,80,80,1,0
18.59206614686667,0,1103,3754,33,443,443,0,0
6.548323894743407,2,20983,34,273,21700,23,9,1
33.99958152811603,0,2537,844,35,443,443,0,0
0.13986093391727783,0,23647,155,128,25139,139,12,1
0.0,2,8508,188,49,48480,23,4,1
31.955088952541736,1,4977,993,40,27260,22,0,0
4.928276500425317,0,143035,57,237,27782,8080,2,1
13.365120269429248,0,949,2455,32,51318,22,0,0
13.528595055479844,0,1336,3295,25,22,443,2,0
5.397672482230631,2,4545,60,235,43481,3389,12,1
3.9314533124452598,2,1818,50,5,44937,139,3,1
0.0,2,18162,106,187,6518,3389,4,1
4.771139688716674,1,68632,135,5,12934,23,6,1
2.842811722505085,2,19061,78,174,42404,445,2,1
19.870443278606967,0,1067,1793,5,22,80,0,0
7.808340139829204,0,2117,2737,33,80,22,0,0
4.389002759956982,2,22229,67,233,14178,445,2,1
13.937810253944054,0,2206,3754,33,11458,53,0,0
21.608360212993865,0,1639,4308,12,19926,443,1,0
31.51290741947378,0,430,5541,32,80,80,0,0
14.733330648695075,0,1612,1389,41,443,53,0,0
11.938506681738707,1,2348,2349,29,54975,53,1,0
0.0,1,68062,42,124,53475,23,5,1
6.840928377958559,2,1622,7969,34,11494,80,0,0
0.0,1,1329,486,234,56083,25,12,1
0.0,1,12708,44,219,42510,135,12,1
12.070037943077285,1,4865,3693,50,443,22,0,0
5.613828710342036,2,28009,42,148,19533,135,12,1
21.829584859615913,0,1415,2575,14,80,443,0,0
9.86930855127832,0,1230,3657,15,443,443,0,0
16.31084356686279,0,1868,2787,26,22,53,0,0
0.0,2,19530,55,97,3738,445,2,1
3.2525225118288232,2,29926,33,173,13403,25,9,1
10.364176011576935,0,2219,2834,29,80,80,0,0
7.696829822955087,1,77016,76,92,35701,445,2,1
6.976225006142017,2,8128,110,298,23011,3389,9,1
10.923963884482065,0,747,1154,57,443,53,0,0
0.0,2,15092,90,192,22415,25,11,1
0.0,0,14042,663,240,16799,135,3,1
17.563605896914456,1,980,872,33,22,53,0,0
0.0,2,22075,179,104,21538,135,11,1
29.341557580261355,0,3628,1508,44,80,22,0,0
10.726702708884915,0,3436,8110,67,22,80,0,0
0.0,2,37958,46,309,54822,23,9,1
0.11056202447726227,2,8810,33,423,58757,135,12,1
10.262361057312315,0,1559,789,47,22,80,0,0
5.329737083466522,2,20267,434,274,42227,25,10,1
15.88113189689925,0,325,3988,47,443,80,2,0
7.688026187278904,1,6596,3844,10,29913,22,0,0
1.0971708129817963,2,9827,76,208,26328,3389,9,1
16.487917131368,0,2565,4692,41,80,443,0,0
26.998062875791504,0,1223,1467,8,22,53,0,0
0.0,1,9326,81,213,9146,445,8,1
2.5514632676952584,0,16223,46,159,40532,135,2,1
9.208919801877489,1,2321,25,124,27580,21,5,1
13.225955157637829,0,704,1475,24,65478,80,0,0
1.6632874008393157,0,1767,145,274,25149,135,9,1
37.43933055915271,1,4380,3663,26,80,80,0,0
0.0,0,5134,132,138,325,3389,3,1
0.0,1,30269,353,71,43016,135,10,1
18.98543197615433,0,1339,4153,23,443,80,0,0
7.0902514840216275,2,14409,180,167,35147,25,2,1
29.901450827800076,1,582,4027,25,22,443,0,0
7.626844567331769,1,19140,68,366,28139,135,11,1
1.2820282448074747,0,11402,20,258,50827,8080,6,1
16.547252328063987,2,2116,2815,34,52056,53,0,0
22.316005440660078,0,1067,1475,45,22,443,0,0
3.714297736670497,2,29583,34,329,33327,139,6,1
4.993101409740255,2,10215,289,204,24903,135,4,1
6.356248988062699,2,33114,192,252,62915,445,8,1
0.5052464341521876,2,38234,138,407,949,139,7,1
15.278239307723062,0,1144,1848,49,22,53,0,0
17.166908849855457,0,654,1627,40,443,22,0,0
7.276648039490622,1,4452,6336,25,26465,22,0,0
4.909562171652985,0,13336,38,140,13957,445,10,1
4.070994623988915,0,50259,101,162,29601,25,4,1
18.80069782738325,0,2081,1848,42,443,80,0,0
3.24410760226968,2,24850,199,368,45672,25,5,1
19.50446321963931,1,1557,7270,29,61131,53,0,0
0.0,2,18565,20,269,21446,445,7,1
0.0,2,24599,80,279,55735,23,7,1
42.23031062995561,2,2154,6513,70,22,80,2,0
16.69047178442221,0,990,6323,37,443,53,0,0
6.693263526104284,2,12111,33,132,16217,8080,6,1
21.891685786690147,0,602,2090,54,443,53,0,0
0.0,0,22041,191,43,47219,3389,11,1
3.4269827437828217,2,6799,92,39,34415,21,4,1
5.991487006524247,1,3861,2750,33,80,53,0,0
29.115236936839278,1,1456,5055,34,80,443,0,0
18.91514922428516,0,5457,6791,35,443,80,0,0
6.119149737070538,2,17683,154,113,26659,3389,5,1
0.0,2,98808,20,198,57438,21,6,1
14.540144355780148,0,3630,5894,38,80,80,0,0
2.7124199815878605,1,1768,1667,12,22,22,0,0
13.513916065983704,0,1167,3153,23,443,80,0,0
18.719067562172995,1,1330,3349,37,443,22,0,0
32.697381745872164,0,992,1523,35,443,22,1,0
12.26975458352604,2,12467,47,80,52062,25,3,1
7.6774097489798505,0,115103,134,291,14527,135,2,1
31.299292626944467,0,633,722,38,37116,443,0,0
6.110466444911998,2,27093,42,369,35070,8080,2,1
13.711708255914566,0,1216,4228,38,7856,80,0,0
6.779351252085563,1,9442,126,75,2632,3389,3,1
24.59265001314433,1,793,1688,19,22,80,0,0
7.489959037875682,0,2175,8188,24,443,53,0,0
21.574238201764054,1,1574,4558,49,443,53,0,0
20.47487681051745,2,1170,4004,30,51919,53,0,0
0.0,0,34968,56,197,32210,445,5,1
23.174519210203798,0,2469,9161,43,22,80,0,0
25.414876465549202,0,307,2801,14,6216,22,0,0
0.4162698069617896,2,1583,1850,44,22,53,0,0
10.035322792101699,1,1487,20,149,26983,139,7,1
0.0,1,967,8408,25,80,443,0,0
6.783620545859943,0,1330,1226,50,80,80,1,0
28.174980076473485,1,1835,2139,42,443,22,0,0
29.96911939558925,0,1163,2719,49,443,80,0,0
15.498844290026158,0,2110,693,70,22,53,0,0
11.916090351801106,1,1072,3878,49,22,80,1,0
14.367119072915578,0,758,2261,26,80,80,0,0
16.523461156415,0,596,3056,23,443,80,1,0
7.036896335758573,1,1795,3016,29,443,80,0,0
16.00123268064581,0,2250,6012,32,443,443,0,0
8.20356717909159,2,134256,660,325,46932,3389,5,1
26.20256163060141,1,1173,1271,43,443,53,0,0
2.1849811946913724,2,4470,324,66,311,21,9,1
6.069830467937184,1,667,3202,29,80,443,0,0
23.19786374019174,0,1826,2876,61,22,443,0,0
0.36353515821125937,0,14774,60,360,51215,139,12,1
7.529183680376895,2,236204,346,207,18626,139,11,1
5.068757963503531,2,7273,507,227,16274,8080,11,1
8.980177307536312,0,18463,106,237,36245,8080,10,1
3.5655311857098986,0,4431,69,5,11909,135,6,1
7.973917756346545,0,5573,62,333,44421,21,7,1
1.7741277336814747,0,2010,2633,17,443,53,0,0
19.712102606788932,0,1034,1552,42,22,443,0,0
14.667705200401342,0,2111,2421,27,22,53,0,0
5.1064357417824,0,455,2653,23,443,80,0,0
8.42569339962921,1,10570,29,153,14690,25,8,1
45.394092461673466,0,2068,5885,17,80,80,0,0
28.82063444630246,0,2031,1290,51,443,22,1,0
0.6148937411739923,2,28374,171,172,35901,8080,5,1
16.13671587431339,1,483,1350,26,80,22,0,0
0.0,1,11620,20,125,55040,139,3,1
33.767910216380585,0,3617,4378,34,64892,80,0,0
27.647613548446394,0,1756,2054,27,37123,53,0,0
4.363335850337562,2,2145,36,197,56984,135,4,1
1.8448982813838986,2,16488,152,339,21147,23,12,1
1.8012507065118688,2,3485,203,154,32277,139,11,1
24.90880726461576,0,1033,18104,27,443,443,0,0
29.550445713591536,0,1287,3348,32,22,80,0,0
3.628617173876548,2,4885,72,18,46110,25,6,1
8.68369043007613,0,852,2983,31,443,443,1,0
0.0,2,26251,282,296,34481,135,11,1
0.0,2,2146,80,199,37987,8080,3,1
0.0,2,19427,259,12,32809,25,3,1
0.0,1,5996,55,125,23862,139,8,1
0.0,2,4265,233,150,569,8080,11,1
27.5463976411245,1,1980,1758,45,16691,80,0,0
19.99988713955693,0,1025,1859,36,5912,22,0,0
0.0,2,17277,36,238,51778,135,11,1
5.505499922802503,2,28918,89,34,62941,135,10,1
0.0,0,4877,96,102,34240,21,11,1
13.425304926077004,2,567,6459,30,80,443,0,0
24.227359682440945,2,687,1120,31,80,53,0,0
26.2754992287039,0,572,6585,46,49827,53,0,0
16.99672165826554,0,407,3799,65,1137,80,0,0
8.523781594538898,1,1247,3290,30,443,443,1,0
19.860391453691918,0,1818,580,43,80,22,0,0
16.64941002944224,0,2075,3279,47,80,53,0,0
0.0,2,3462,158,101,3373,8080,11,1
6.795334335467601,0,1707,2000,27,53761,53,0,0
4.05948411377295,2,6936,58,231,25464,3389,2,1
31.719783722562795,1,842,6483,10,443,443,1,0
22.0049805464054,0,957,3341,40,61689,443,0,0
0.0,0,1663,6935,36,2868,443,0,0
2.4125345474007265,0,444,12481,55,443,53,1,0
3.7077377292120683,0,2362,2346,21,443,22,0,0
27.714923425644837,0,811,5689,29,49376,53,0,0
9.580209638648686,0,4061,4206,53,80,53,0,0
2.492660401723615,0,16498,264,356,65425,3389,11,1
3.1356880881466864,2,202,1749,41,443,80,0,0
0.9395443341093812,2,9566,131,5,23657,135,10,1
0.0,1,2305,2832,35,80,53,0,0
4.845841919914917,0,32783,40,165,41040,23,7,1
28.59841755022044,1,1006,4219,13,80,443,0,0
32.225226599679644,0,1622,1127,14,22,53,1,0
33.948582127437966,1,1570,846,19,60667,22,0,0
17.935716087258026,0,665,7419,27,443,80,0,0
23.15741137329491,0,1392,2176,53,80,80,0,0
27.553549269991247,0,5015,7489,36,80,22,0,0
28.618534138297008,0,1195,2656,37,80,22,0,0
11.216646460268313,0,14573,81,95,60643,445,11,1
5.040634770825582,2,3509,286,190,14592,139,6,1
23.983605531025365,0,303,1548,57,80,53,0,0
31.810852699883533,0,435,5856,43,64784,80,0,0
0.10952690989124436,2,18603,138,158,10435,3389,8,1
26.013057894009165,1,2864,7098,46,443,53,0,0
17.604042913128307,0,2107,4425,54,443,22,0,0
10.11596608618689,2,13958,99,93,51783,139,9,1
25.52365714649214,0,822,19129,31,80,80,0,0
11.449505518195751,1,640,1753,39,80,53,0,0
10.417246790967182,2,7086,482,134,34191,135,3,1
15.469682721997234,1,939,1928,35,443,53,0,0
7.082011045747456,0,6536,178,165,21191,139,8,1
15.647103600988352,0,2301,2241,20,22,22,0,0
21.755320112385753,1,6145,3511,38,80,80,0,0
27.725467480996155,1,4677,648,36,22,53,0,0
4.34005013600324,0,18989,23,109,47095,139,11,1
13.906718343217221,0,1595,439,58,443,443,1,0
27.95729284821321,0,3979,9291,12,443,443,0,0
5.861629087806708,1,391,1380,44,80,22,0,0
12.521669271801995,0,801,9134,58,80,22,0,0
0.0,2,25433,66,217,18871,135,9,1
7.633001419374097,2,33026,227,13,549,3389,9,1
0.0,1,57761,108,81,39876,23,5,1
16.21250194009443,0,734,4628,48,80,53,0,0
0.0,2,18332,52,89,31434,139,6,1
0.4066118911446992,2,5538,232,209,28760,25,6,1
18.42788176083305,0,3419,5738,5,443,53,0,0
0.0,2,9665,220,173,54473,8080,7,1
28.99064580994025,1,739,3689,29,22,53,0,0
10.15884189513924,1,1115,8177,7,443,22,0,0
6.594260158407682,2,4486,690,189,31751,445,6,1
1.1955746590084146,0,1453,5453,57,22,22,1,0
3.133258805088703,1,11383,47,322,38117,445,4,1
4.921329307666617,2,696,137,178,37994,135,11,1
4.090544383703039,0,6544,28,81,50877,135,2,1
11.819461498498367,0,1206,4089,71,5806,443,0,0
20.526507873861497,1,1500,2310,20,22,53,0,0
0.986169531578938,1,5066,48,191,14990,139,11,1
0.15994241612432614,2,10233,162,188,20323,8080,9,1
5.421806831113798,0,627,5103,57,14709,443,0,0
30.47601757843291,1,1415,2780,21,22,22,0,0
10.208386711843785,1,3981,3275,19,22,53,0,0
0.0,2,7213,67,29,35955,135,8,1
2.1308076886865344,0,591,4709,30,22,443,0,0
6.25037159017883,1,992,5356,51,51541,443,0,0
25.170403430905303,1,2154,5954,31,1203,80,0,0
0.06873209009186754,2,23238,171,5,47234,21,11,1
16.91261963868171,0,1328,4224,35,80,80,2,0
13.989001199569786,0,642,3211,3,22811,443,0,0
6.951942104905616,2,4622,44,275,2879,139,10,1
29.15579739224524,2,8178,1198,60,22,53,0,0
0.0,1,11409,189,137,14348,8080,7,1
2.289393833217119,0,120106,26,152,57982,23,3,1
2.119113651193125,0,2499,868,19,47744,53,0,0
1.80376124993812,0,8423,97,20,40247,21,7,1
21.554258248209806,1,1077,1657,36,80,22,0,0
2.2912567443632117,2,21791,180,77,14648,8080,6,1
4.364682019299975,2,6839,150,318,2075,25,9,1
0.0,2,1860,363,529,25337,21,11,1
0.0,0,4282,3249,44,80,53,0,0
19.291378549325323,0,4656,1631,32,443,80,0,0
15.188981242955446,0,779,10795,45,46694,443,0,0
0.0,2,13276,29,220,26944,445,8,1
6.941880021714756,2,1471,187,170,23912,25,10,1
16.97470378955351,1,2054,1935,63,80,53,0,0
10.818262377002528,0,1778,4659,59,38928,80,0,0
2.040478665926669,0,24472,117,302,25007,3389,10,1
26.158830776007264,0,1546,5057,57,43586,22,0,0
13.491913990521743,0,2355,2590,35,443,443,0,0
24.919029953839424,1,4643,13013,32,30294,22,0,0
2.1684216126081335,2,37752,203,61,43959,25,4,1
10.970354788624308,1,622,4334,49,40948,443,0,0
0.0,2,5324,31,274,15100,25,12,1
5.179235624584617,1,6889,107,146,20317,139,6,1
10.281988714753695,2,26305,42,194,6965,445,6,1
1.346569087566227,0,44149,133,136,10303,8080,10,1
5.990030830059156,2,30461,192,183,54821,21,7,1
12.222307544272258,0,2135,5660,27,80,80,1,0
44.04797527796878,0,2456,1186,47,443,53,0,0
27.662334052828378,0,1871,3954,23,19695,443,0,0
3.7349936307277654,2,32189,93,292,29129,139,4,1
0.0,2,5311,74,261,31990,445,11,1
5.118906603356946,0,73016,81,235,17629,445,2,1
7.60726327193928,0,30122,204,231,58552,23,2,1
11.046939620989477,1,2876,4169,52,22,80,1,0
50.273982070846515,0,733,3209,46,22,443,1,0
4.503220826709311,0,34662,90,244,53657,8080,5,1
25.94607697696886,0,3100,468,32,22,80,0,0
0.5905215754832605,2,24919,62,134,10220,21,5,1
17.684433638143233,0,1391,1835,51,443,53,0,0
0.0,1,15152,47,88,31476,8080,4,1
12.849518543335432,1,744,2756,36,12463,443,0,0
15.66235943112757,0,699,2563,41,22,443,0,0
39.5570332211507,0,855,1980,28,443,443,0,0
22.537921777791095,0,598,640,52,28233,22,0,0
2.2340802605611363,2,13370,52,216,20369,139,3,1
0.0,0,210960,103,328,50155,445,5,1
3.057667452833714,0,1407,2336,65,443,53,0,0
2.303202920425771,0,28663,154,119,42819,21,5,1
32.70123237974926,0,3009,2609,63,10583,22,0,0
14.832189841345633,0,4883,3054,44,22,80,0,0
20.495631699408392,0,1187,2143,37,64063,22,0,0
20.741851987566847,0,838,3344,35,39006,22,1,0
2.676971332559976,2,10059,49,176,59839,21,11,1
4.762711829900221,0,16122,383,125,51983,8080,6,1
18.006484563996672,0,2027,10949,34,26536,80,0,0
25.656834259154675,0,8092,2581,15,40924,22,0,0
0.0,0,5394,213,263,28943,23,6,1
15.747370742404447,0,1433,2886,10,24644,443,2,0
3.8312793144205246,2,15218,549,329,28077,445,6,1
0.0,2,13894,24,90,1498,135,4,1
0.0,2,28728,164,190,45596,3389,8,1
1.5225414268703281,2,68579,76,151,42916,21,9,1
5.80967191081645,0,26671,257,148,21952,135,3,1
18.974417969271897,2,3080,3167,33,80,80,0,0
3.1545004486375303,2,5907,130,56,32567,3389,7,1
5.095788372280847,2,4383,80,5,49156,3389,10,1
7.624564861783442,0,962,3254,39,443,22,0,0
34.77114800440489,0,914,2868,49,22,443,0,0
17.375201641770108,0,1494,3261,34,17547,53,0,0
24.170161381472525,0,1523,4497,45,443,80,0,0
27.193434402495313,1,1292,5860,48,22,80,0,0
10.279436877246198,1,1039,1494,36,22,80,0,0
0.9995471209019997,2,19147,60,185,7517,8080,11,1
0.0,0,12353,83,206,17097,21,9,1
32.79972681968451,0,1155,7283,47,3193,80,0,0
3.753501410374776,1,6332,20,112,16313,8080,7,1
11.870366571099897,1,3460,6394,13,80,80,0,0
18.880055519360752,1,678,1753,48,22,22,0,0
20.41712424302766,0,5546,3146,42,80,80,0,0
8.327247156542178,0,2946,2233,35,80,443,0,0
7.426373179538426,2,14646,42,297,26302,139,6,1
27.579739635254306,0,2174,1789,28,22,53,1,0
26.724023071701083,0,2507,1510,17,443,80,0,0
18.79654840492014,0,1152,6511,30,39764,80,0,0
17.79709566996465,0,1090,12325,31,22,22,1,0
7.41143769395854,0,663,4638,28,22,53,2,0
9.841501861668942,0,2362,2531,49,443,443,2,0
27.639758781619573,1,1641,2775,40,443,443,0,0
20.014435963811767,0,1880,2297,18,22,22,0,0
27.764276763816778,0,1387,1779,70,443,80,0,0
27.172046902794428,0,878,1744,51,80,80,0,0
25.268833739603,0,1119,8953,36,22,80,0,0
10.596133599446095,2,15263,321,202,34755,21,8,1
15.0396939932944,1,630,3317,40,58363,22,0,0
12.576167707904121,0,1826,1197,31,22,443,0,0
7.252303918071254,1,39666,167,210,8938,8080,5,1
11.723036015692355,1,966,6677,42,80,443,0,0
0.0,2,3355,29,138,61625,23,10,1
30.244552397480263,1,1238,1876,35,443,53,0,0
13.847928280784279,0,1601,1296,36,80,53,0,0
50.62266345076392,0,257,5756,39,22,53,1,0
2.947150210781822,2,12409,47,296,8803,3389,9,1
0.0,1,2095,14302,38,22,22,0,0
11.814059631427327,1,948,1284,9,22,443,0,0
20.878028092784252,1,706,1376,35,80,80,0,0
1.7266443766270547,2,26546,41,359,2597,23,5,1
0.10665001192835977,2,7572,108,192,54311,8080,7,1
4.4131995192382005,0,73353,64,290,57140,139,7,1
6.1869218026052,2,9743,20,277,42121,445,4,1
15.626178674864779,2,8347,4067,17,80,443,1,0
31.738418644615642,0,1028,2078,46,25938,22,0,0
17.658633969258524,0,592,11992,8,80,22,0,0
16.83014372981959,0,751,3565,37,22,443,0,0
23.258051072532144,0,3463,2124,38,22,53,0,0
11.045558904088384,0,342,2595,20,443,80,0,0
37.196427926222995,1,2177,2544,36,443,22,0,0
34.740666228190435,0,1008,3590,39,22,22,0,0
7.80214443863932,2,5548,40,95,13389,445,5,1
3.160225876819154,0,249494,104,152,20273,21,9,1
2.610418796624127,2,9748,72,86,33364,8080,9,1
0.0,0,17259,31,309,8722,21,10,1
10.003315597394835,0,1963,4854,23,80,443,0,0
28.3568884190345,1,3078,874,35,22,22,0,0
5.670331824713916,2,1347,4475,58,443,443,0,0
3.6248646387345524,2,21548,107,92,62977,21,12,1
11.357046105179117,0,1296,2481,35,60426,53,0,0
9.151157901703234,0,119406,147,246,48966,3389,2,1
1.3387691970015423,2,17633,309,153,9637,23,10,1
2.212336025879264,0,14203,123,9,46560,25,5,1
16.4307218376439,0,345,8170,50,29994,80,0,0
31.42431711147051,1,805,5040,48,58277,443,0,0
3.2916863255156166,1,13284,10031,2,22,53,1,0
5.58164521664058,0,33823,114,134,33790,445,8,1
21.764346626419535,0,1488,7984,58,22,53,0,0
14.696105629466558,0,893,779,52,443,53,0,0
0.0,2,9946,390,95,20208,3389,6,1
16.591650287930445,2,1229,7716,52,443,443,0,0
4.312701715288643,0,5449,56,170,5745,135,3,1
1.5586330142067617,2,16481,123,188,19825,445,10,1
24.279762985247526,1,878,2455,28,22,80,0,0
19.945144612415056,1,1026,3416,40,443,22,0,0
29.22225780137663,1,1902,3093,54,443,53,0,0
27.502606444984,0,1292,1209,4,80,443,0,0
26.150158692280378,1,4113,5013,34,80,443,0,0
26.79553839178628,0,1044,3841,16,80,53,0,0
0.0,1,143549,106,359,12965,8080,3,1
1.920882585385943,2,23890,222,205,58565,445,7,1
19.181559487077163,0,1339,3109,54,443,443,0,0
11.185654595814706,1,1231,4009,59,443,443,1,0
0.028457091716743488,1,19961,87,203,27780,445,2,1
0.0,0,9700,106,183,56974,21,9,1
1.0829720718124989,1,21837,20,102,37965,8080,4,1
7.386162225162437,0,1095,2993,38,22,443,0,0
21.989692962681165,1,2570,3885,55,443,53,0,0
17.81761510948327,0,2738,3025,32,40412,443,0,0
9.027338936836383,1,4238,96,339,41589,445,5,1
6.62919463964194,2,21279,118,143,52492,25,5,1
13.325861522864997,0,1159,2469,38,22,443,0,0
3.663343134936671,1,3008,1716,23,22,443,0,0
6.575506479576912,0,609,1867,57,443,22,0,0
32.15399006304161,1,1651,3118,31,22,443,1,0
0.2682570740833299,1,3679,4611,25,80,80,0,0
23.094148386522043,0,1510,1401,59,27665,22,1,0
16.447928065138914,0,11093,13657,39,22,22,1,0
0.0,1,30672,41,160,18800,23,11,1
15.054686808632608,0,1061,747,29,22,80,1,0
1.3815155555050886,2,16378,646,44,23548,21,7,1
5.802550565603799,2,48279,53,275,63567,23,2,1
21.165694746203297,0,3753,3245,49,443,443,0,0
31.855536417341575,2,730,3439,30,443,80,0,0
0.14977934092876044,1,67498,93,66,35162,21,3,1
16.767403198824006,1,964,8350,49,80,443,1,0
19.846778768245812,0,1059,3563,65,443,22,0,0
16.428820767176706,0,1788,1321,36,22,443,0,0
6.866445017359506,0,133743,120,267,25727,135,3,1
3.0078445692941322,0,479,7435,51,2344,443,0,0
23.865133672130856,0,1263,3879,45,80,443,0,0
0.0,2,7776,179,121,33420,135,7,1
12.08562548210266,0,764,1545,33,22,80,0,0
22.8041435729422,1,669,3906,29,22,53,0,0
1.740820797392106,2,23166,63,77,28121,23,10,1
25.366814854291448,0,2966,1645,12,22,443,0,0
15.053707738749651,0,1243,1389,53,80,22,0,0
7.89209270192169,1,1163,1754,65,80,443,2,0
0.5416005296793975,2,117904,20,87,18684,8080,6,1
0.0,0,12485,81,211,48706,445,8,1
0.0,2,62203,124,292,61406,21,9,1
28.784654909255206,0,2159,1594,33,56910,80,0,0
32.277512252029325,0,427,1777,31,22,80,0,0
2.1080193506816753,0,12684,179,122,57428,23,6,1
1.9513880314710148,1,35957,34,307,38722,445,8,1
25.137965548735444,0,1639,2680,23,443,443,0,0
7.722157679094498,2,11929,35,5,18347,445,9,1
27.11844673716875,1,1169,3673,38,443,53,0,0
4.759108191623691,2,13782,28,109,55275,135,12,1
15.538200390156648,0,4875,1956,39,22,80,0,0
0.0,0,7896,54,137,60150,445,5,1
0.0,0,17544,63,203,60647,135,6,1
20.819637475133753,2,1233,1581,42,5035,443,0,0
20.280630346320073,0,1014,890,30,22,443,0,0
3.5527931315925536,2,11572,60,232,61845,445,8,1
0.0,2,20978,199,5,29876,21,5,1
12.544892659182315,2,2934,60,214,52126,445,2,1
22.544046568889073,1,1190,1072,20,22,443,0,0
21.83109533533674,0,494,3377,12,38867,443,0,0
20.558709605316366,0,2044,3401,44,443,53,0,0
5.863987672044132,2,8056,59,42,26785,25,11,1
0.0,0,3400,240,378,35671,21,3,1
6.202262121265136,1,4167,1690,46,25778,22,0,0
42.87345030642602,2,1322,3033,49,22,53,0,0
11.697666047496114,0,1235,3441,61,443,53,0,0
12.075159844179174,0,833,887,31,80,53,0,0
8.13909608798095,0,1592,4491,40,22,80,0,0
28.396193891740424,0,708,4023,54,80,22,0,0
28.472584428362502,0,752,6661,37,16539,53,0,0
12.813297713753327,0,537,2872,39,62253,80,0,0
18.151380557624186,0,1331,7645,32,443,443,0,0
10.51232289498871,0,1596,1836,31,22,22,1,0
0.340422380644541,2,17692,79,210,61789,445,5,1
30.292169592290243,0,683,2319,49,80,22,0,0
3.3434070196073624,0,27362,127,53,54840,445,2,1
26.0172528596934,1,1412,4812,37,443,443,0,0
13.588688779399444,0,1425,2966,25,80,443,1,0
39.65421486062132,0,4689,2935,25,80,443,0,0
2.9675729149444185,2,63755,54,54,30328,3389,2,1
13.721225488857744,0,2087,4014,29,8495,53,0,0
26.936590270408537,1,1776,4559,43,443,53,0,0
31.71470119246509,0,232,2151,26,80,53,0,0
16.54006623413316,1,394,6601,10,443,443,0,0
1.6330698804009507,2,115638,297,5,600,139,2,1
8.470757891038943,2,23385,155,103,34448,25,12,1
2.22069805467123,2,6414,138,110,34625,445,12,1
21.397567931449984,0,1024,985,25,57612,22,0,0
2.5632796130831057,2,2842,58,125,323,139,4,1
1.4331862465438086,2,8250,115,76,41791,445,11,1
23.5909223920358,0,643,1835,38,80,80,0,0
8.570279525380649,0,3464,1047,12,80,443,0,0
1.5847088847796313,1,20167,135,157,59751,139,11,1
14.918034132876304,0,5450,1779,31,22,22,0,0
22.35762619531187,0,622,3335,57,80,53,1,0
0.6023921386179816,2,15174,41,133,60994,23,10,1
13.046915742886025,1,1587,2558,57,443,22,0,0
10.810437158738235,1,1138,3122,20,22,53,0,0
18.02351287925113,0,1211,936,33,443,22,2,0
10.583753404044538,1,4428,2577,49,29706,443,0,0
30.77255070165998,1,1019,5010,16,80,80,0,0
4.407907490336232,2,25013,363,77,17113,3389,11,1
5.527668077736962,2,21653,74,129,34198,3389,6,1
7.9476954584176465,1,4469,1994,67,38554,53,0,0
0.0,0,1028,1210,23,22,53,0,0
1.908922713858658,1,12723,68,159,33810,445,10,1
8.820586497826842,0,1708,6123,28,42302,53,0,0
7.721015787203519,2,14793,35,5,53153,3389,9,1
0.0,0,600,2006,20,22,53,0,0
22.907333602848308,0,1775,9636,25,38915,443,0,0
25.513397575785753,0,751,1444,59,22,80,0,0
6.455195052482328,1,6429,47,141,7064,135,12,1
1.685261247354171,2,4145,132,132,1711,135,12,1
0.0,1,18649,105,224,6748,8080,11,1
3.2868944183023636,0,3802,52,120,2799,135,4,1
23.203853353042962,0,1596,2647,16,443,443,0,0
2.8641873103403968,2,7061,153,353,20062,3389,6,1
12.634462386518003,1,499,2821,14,80,22,0,0
13.159483031688803,1,3169,6282,38,80,22,0,0
7.373136434092771,2,11038,174,302,41815,3389,4,1
0.0,0,531,12505,42,29322,443,0,0
21.381581590318945,0,1564,5285,54,443,80,1,0
3.074085399049049,2,5040,69,147,30904,445,4,1
42.182770803347864,0,1360,7845,20,80,443,0,0
20.405638014111343,0,1120,5213,44,64818,80,0,0
30.63680829274795,1,3193,2881,35,80,22,0,0
4.288902429593501,0,28651,153,62,56409,139,12,1
30.594040821401737,0,1181,4573,57,22,22,0,0
25.11974904395434,0,431,7119,45,443,80,1,0
14.62586498126604,1,801,4931,38,80,443,0,0
16.119276842602208,0,710,3617,37,14726,22,1,0
29.75585854378498,1,1657,3374,27,80,443,0,0
28.952082692389347,0,2904,1245,27,31521,22,0,0
34.45487276172747,0,1902,1362,48,443,443,1,0
0.0,1,1103,3025,46,443,22,0,0
21.742598041723358,0,5558,1658,47,46950,80,0,0
33.24567594258758,1,1362,1615,47,80,80,0,0
8.33227663131113,0,1725,2790,26,22,22,0,0
1.0366144148077159,2,157387,58,257,4098,8080,4,1
0.0,0,1219,2453,24,22,53,0,0
15.494769459733897,0,856,1618,13,22,22,0,0
6.482036819457148,2,2506,44,144,15960,135,7,1
22.24271027697472,0,1647,5611,25,443,80,0,0
1.0579427518368565,2,10044,58,189,30360,21,6,1
11.059811575718824,0,700,2340,45,80,443,0,0
20.564340312909827,1,643,2339,37,443,22,0,0
6.219592564113522,0,3404,57,212,16431,21,4,1
0.8014119923470271,2,1268,30,179,5436,25,3,1
9.993490886499012,1,1137,1891,63,80,80,0,0
7.350387464268128,2,1900,78,60,40778,139,6,1
10.909097268642387,0,1387,1850,18,27485,80,0,0
5.6065681613784175,1,1944,4316,35,80,443,0,0
32.504503630203274,0,501,1469,37,3903,443,0,0
0.0,2,21123,98,88,15414,445,8,1
2.1476769442321317,0,20988,67,5,61646,139,5,1
1.1364194622619626,2,14631,85,310,12215,21,6,1
9.361995233358776,0,1772,10634,31,80,443,0,0
11.739889162183829,0,696,7684,32,16281,443,0,0
32.81993257106154,1,1292,1277,30,80,22,0,0
23.703148900153163,0,344,3288,36,80,22,0,0
13.187015345227678,0,1417,1386,23,443,80,0,0
8.330073370067778,0,1845,3751,48,443,22,0,0
26.59269055673778,0,1206,20556,16,57188,80,0,0
3.85198404886369,0,1467,7686,27,22,22,0,0
1.4090683663500698,0,2600,2087,9,80,53,0,0
19.144198574609213,0,693,1535,47,80,443,0,0
12.546632738219133,0,1413,1846,23,22,80,0,0
8.354469088747928,1,33342,59,160,56221,8080,6,1
8.308093957044546,2,8432,75,291,46317,139,5,1
25.622517059749867,0,1327,2288,49,443,22,0,0
15.070456206192828,0,703,3620,53,41567,80,0,0
31.980231361195806,1,4479,972,12,80,53,0,0
0.4029864822703715,0,867,1832,51,443,443,0,0
0.0,0,7694,39,237,432,23,11,1
0.13158394641621252,2,64742,264,136,37562,3389,3,1
1.0661726379043814,1,5220,365,106,51755,25,7,1
14.799745843189026,2,2096,6183,31,22,22,0,0
4.704390151240078,0,5945,2155,34,22,53,0,0
9.900834355932046,0,1051,3511,18,17112,22,1,0
28.31522668849937,0,342,1682,30,443,443,1,0
0.0,1,11257,167,197,18942,135,7,1
3.4022488625326877,2,2294,22,290,61987,21,4,1
30.232318581202758,0,656,3329,6,22,53,0,0
18.54583512399854,0,1594,2397,63,22,80,0,0
18.658539273540764,0,546,2593,55,65141,22,1,0
3.0473595289942743,2,62992,669,76,46289,21,11,1
2.137420990881173,2,79191,20,144,334,3389,10,1
10.199713893187337,1,1185,1638,58,14130,53,0,0
23.8842410176726,1,391,3462,37,43934,80,0,0
3.402448060435752,2,37359,69,310,60700,23,12,1
4.388799153470431,1,11200,152,56,46442,139,7,1
15.863008269908937,1,1956,1851,8,4856,22,0,0
0.20485184354772557,0,1034,9877,36,80,53,1,0
14.758018986329581,1,2722,918,30,10680,80,0,0
0.0,2,7456,89,212,37350,3389,6,1
4.9687425641003955,0,1575,3429,51,22,443,0,0
7.0441245273868445,1,23773,57,200,61870,21,5,1
3.0184619669188795,0,4444,8477,39,22,443,0,0
10.384945044931639,2,5347,42,168,8829,445,9,1
3.0719455686759427,0,10225,20,114,18445,21,11,1
29.08676191300608,1,2677,5464,27,80,22,0,0
0.0,1,460,8895,39,443,443,0,0
5.885943514381699,2,7838,86,80,4767,445,6,1
16.389156819280448,0,1287,6051,33,443,22,0,0
8.515134877603755,0,273,5623,22,2960,443,0,0
7.123519248822234,0,1400,3243,13,22,22,0,0
0.0,0,34896,64,169,5289,21,4,1
19.706203117551862,0,391,7111,13,443,80,2,0
19.42546639283788,1,1579,4819,37,443,22,0,0
27.474999899958526,0,698,1229,34,80,80,2,0
3.7031320469196705,2,4645,177,101,3645,135,3,1
9.012871656135996,1,2893,8315,23,59839,80,2,0
22.299726703942298,0,4667,2902,42,22,443,0,0
0.0,0,30680,267,77,47651,135,6,1
14.825081363728192,0,709,5386,35,443,443,0,0
0.0,2,8095,58,89,63895,25,7,1
6.391385150005716,2,26336,27,237,54579,445,9,1
37.490367944774505,0,1736,9208,42,63466,443,0,0
0.48005198786895864,0,19485,121,279,54514,135,8,1
5.19576132169488,0,7371,130,185,41525,21,3,1
18.329234221634685,1,2292,1136,31,443,53,0,0
7.767691408257346,2,19033,59,378,16869,3389,2,1
33.00500718760843,0,1321,2811,26,22,22,0,0
21.260534608323038,0,720,1724,44,22,53,0,0
5.9820201898836185,1,3576,1768,15,22,53,0,0
23.705740267177912,1,564,4498,53,443,443,0,0
11.210401596147543,1,1963,3019,44,49467,22,0,0
21.873874759933777,0,1590,1875,42,22,53,0,0
0.0,1,1456,5636,32,443,443,0,0
7.391433622641387,0,12462,121,324,48688,25,7,1
16.434353213667293,2,18646,185,144,26182,135,7,1
0.0,0,1031,5426,31,22,53,0,0
3.9462815186344375,0,16858,224,241,45460,135,12,1
0.8343796598695992,2,9350,63,288,25736,23,7,1
0.0,2,24963,282,193,62111,445,2,1
1.2984934725912893,0,2446,885,47,5261,80,0,0
7.117629953153109,0,6555,74,242,24124,23,4,1
2.448987654520795,2,416,89,145,35757,3389,10,1
16.560615059273925,0,515,4711,40,80,443,0,0
1.0655076507619192,0,1614,11782,50,443,443,0,0
0.0,2,38073,49,286,59455,3389,2,1
14.189111147696952,0,608,2427,45,443,80,1,0
6.274253245967397,1,1897,12098,2,22,80,0,0
3.5129425627253754,0,10620,92,220,9539,139,9,1
1.7939995427592437,1,12742,60,117,8691,8080,7,1
28.13391211194844,0,830,1649,56,443,80,0,0
34.76537558971553,1,501,2609,43,443,53,0,0
9.38089046842631,2,53244,72,162,54641,21,7,1
18.678465476546652,0,1317,5613,52,80,22,0,0
15.546564236914758,1,2222,3293,66,80,80,0,0
2.0843471656411507,2,23307,102,195,16922,23,5,1
24.56161561103845,0,669,5029,30,80,53,0,0
5.138101912649623,2,15740,122,278,59857,25,12,1
6.66076367731281,2,21644,20,338,50350,139,8,1
12.829677749145281,2,65638,184,67,32518,23,8,1
0.0,2,33070,46,96,40404,139,4,1
7.916273327573052,1,294,1732,37,443,22,0,0
32.24039058641711,2,1061,3538,42,80,22,0,0
16.152727198627964,0,492,4738,19,443,443,1,0
8.273581462592272,0,1663,1965,36,80,80,0,0
0.0,2,1816,84,49,33020,25,11,1
12.42458420924379,1,1946,6146,48,22393,80,1,0
0.16908929226295832,2,4101,126,119,60341,23,2,1
24.054111372221676,0,2725,1241,37,443,443,0,0
12.913365983498501,0,603,7207,45,22,53,0,0
27.258512920560143,0,2008,2718,3,80,53,0,0
3.2599236079783522,0,23545,54,266,57050,21,2,1
27.56152200738663,1,1586,7563,38,22,443,0,0
6.092815522219321,1,20199,76,336,3013,445,3,1
15.204920987963838,1,728,1642,52,443,443,0,0
2.525596836029634,0,12233,224,62,11274,23,12,1
30.784665010571953,0,446,3394,29,22,443,0,0
3.496984191399516,1,1429,401,20,8377,443,0,0
18.134985096360342,1,4028,3473,19,64900,22,1,0
36.80434131191159,0,1407,5690,28,443,443,0,0
5.082013885008286,1,11869,147,237,21524,135,11,1
8.76203586923198,0,1442,2503,20,22,80,0,0
2.074664386892627,2,154283,115,308,41788,21,6,1
0.5720278350555943,2,7502,43,232,51365,135,11,1
5.2699600811947445,0,6195,315,149,6572,135,9,1
9.53460608028687,0,2093,1202,32,443,443,0,0
4.7104555071174445,2,8969,77,29,8631,445,2,1
0.9351897028632594,1,2346,46,309,28921,139,9,1
15.5054182910723,0,2333,1631,35,22,22,0,0
5.448684974874951,0,1806,10776,39,80,22,0,0
35.58488734167889,0,3322,1117,49,22,53,0,0
23.88183481773502,0,1639,12906,36,49671,53,0,0
4.107284457229445,0,1738,2695,20,443,53,0,0
14.520038200734817,0,1582,8256,47,443,22,0,0
32.912616438563234,1,675,2190,37,80,443,1,0
11.540623048496485,0,2225,941,28,12493,80,0,0
6.014557605040784,0,8169,98,31,54490,25,7,1
7.303156664434345,1,68337,236,236,45632,445,3,1
13.751739123184533,0,2382,15980,40,443,53,0,0
28.64040681741161,0,1627,6994,36,22,443,0,0
3.031572800740343,0,17843,123,96,32468,25,11,1
4.022128551488491,1,5439,4900,29,443,80,0,0
1.0489336149502633,0,9152,34,176,27241,139,9,1
0.38293587272392804,0,47853,39,302,51745,21,5,1
24.10603657019626,0,628,4916,52,443,53,0,0
4.513381793460079,2,11217,96,182,11777,135,11,1
17.730800508000677,0,582,3879,26,22,22,0,0
0.0,2,9178,79,12,5304,23,11,1
8.116113905425543,1,907,3309,58,14537,22,0,0
1.1662409749650167,2,11085,132,128,47762,21,10,1
8.366760943783538,1,1602,3788,2,11659,53,1,0
0.4796933334712574,2,14908,189,133,24710,25,8,1
8.51642678823346,2,32185,138,153,31334,21,6,1
23.395481679413873,0,342,589,52,80,22,0,0
17.02502747826622,0,2696,863,31,80,22,0,0
17.16579555224132,0,1071,2227,35,22,53,0,0
28.351170691266205,2,1302,1821,53,443,443,0,0
5.651704323810096,2,25590,125,104,44987,445,6,1
10.207458562683943,2,22406,96,301,27874,3389,10,1
0.0,1,18110,124,261,22303,3389,7,1
0.0,0,2078,106,5,20051,8080,11,1
26.560239729444074,0,1983,7889,31,22,443,1,0
3.9613896833932793,0,10624,82,5,43973,445,3,1
0.7448155285402098,2,3573,55,5,56838,3389,6,1
4.632672429816942,1,25852,263,50,48041,23,4,1
5.813146358434059,2,19720,162,139,40740,445,3,1
14.411504714010624,0,1961,1938,16,22,443,0,0
0.1388397413689213,2,5265,99,51,36649,445,12,1
22.988148509044265,0,2001,5261,19,443,22,0,0
8.418757688535479,0,2166,3729,19,63165,443,0,0
15.318526794984926,0,893,1417,31,443,443,0,0
5.281285623610689,0,43320,30,38,3253,23,6,1
22.21531451793071,2,1680,720,51,22,53,0,0
11.909876969471473,2,19191,31,5,36564,23,7,1
7.839556625922176,0,4095,123,341,10855,135,4,1
9.551250189042321,0,1668,1290,27,59795,22,0,0
23.782753426633658,1,800,8815,21,22,22,1,0
0.0,1,2127,67,5,11303,139,9,1
15.746970849984205,1,2711,3939,29,22,443,0,0
36.51119864649779,0,1881,1844,47,443,443,0,0
33.26748324348992,0,1006,4244,37,22,53,0,0
0.9512040246368278,2,14619,43,195,52485,445,3,1
0.0,2,4943,277,228,32776,21,6,1
19.864837008810653,0,1340,1595,15,443,53,0,0
5.163145201141562,2,12323,82,5,385,445,7,1
29.372189175712982,0,1321,1171,11,443,80,0,0
7.749078010982036,0,627,2533,42,22,53,0,0
26.78986639466183,0,4714,1769,17,65027,22,0,0
20.41065245576651,0,2505,5637,26,443,80,0,0
13.944743282261756,1,691,861,54,22,53,0,0
23.521169877939133,0,240,2450,19,58300,80,0,0
2.1227193507495747,2,14028,108,265,41360,8080,5,1
22.015253768939175,1,2674,4099,37,80,443,0,0
18.314140001161487,1,909,1780,42,443,22,0,0
22.997313956316013,0,3037,3625,40,80,53,0,0
0.0,2,7939,222,283,11629,23,4,1
14.62541191674959,0,3327,2303,43,443,22,1,0
3.8462386950570213,2,3825,22,293,13128,445,12,1
46.99690401483544,0,2130,6542,56,80,80,0,0
19.863576871201907,0,1574,5787,56,80,22,0,0
8.698396341926497,2,5992,37,240,7267,25,6,1
12.399238941075684,0,1150,1808,16,22,22,0,0
19.584350995642456,1,621,2683,56,443,80,1,0
26.96629597508226,1,2097,2522,27,62210,22,0,0
2.037507826667812,2,17805,181,95,16292,23,8,1
9.420156359668907,0,1702,885,46,12665,53,0,0
15.682071391619788,0,476,3194,34,80,80,0,0
1.624924978952606,2,4112,113,49,46435,8080,6,1
19.792610513104165,1,1548,6204,25,35030,443,1,0
22.741695603603286,0,1372,2896,33,443,443,0,0
5.192354637629418,2,1090,8627,34,22,22,0,0
4.116248563122047,2,4828,41,267,45695,25,2,1
4.479180195009929,1,6891,88,65,2530,3389,5,1
15.041781463795171,0,1151,1577,44,11091,53,0,0
8.002462176242128,2,49563,106,157,31088,8080,11,1
10.457915617600582,0,1775,8814,31,1669,22,2,0
6.861925533123905,0,55932,104,94,29487,23,11,1
14.707987048585329,1,837,17227,2,22,53,2,0
0.0,0,23803,39,10,28507,8080,10,1
23.017055814777272,0,779,894,54,443,443,0,0
26.021150205545524,0,1102,6554,29,63381,443,1,0
33.037388822594515,0,1381,4983,26,443,443,0,0
22.512076990700642,1,1547,3830,11,63085,22,0,0
27.191177860929375,0,1659,6861,22,50953,22,0,0
25.091332872591902,1,1961,3082,53,22,80,0,0
22.531897567693512,0,793,4553,50,443,80,0,0
12.120469114865656,0,4166,1527,59,443,80,0,0
14.089902384703878,0,2960,2531,42,443,80,1,0
11.688109440715353,0,2381,6617,41,65001,443,0,0
18.62382207808336,0,1411,4315,23,80,53,0,0
2.1228308727658214,0,6271,76,71,61482,135,3,1
3.079707258468123,1,32829,35,386,12164,139,4,1
11.067965367588863,0,2293,6244,50,443,22,0,0
13.936177768820196,0,721,5260,13,443,22,0,0
17.59363328526762,0,1089,9358,33,80,22,0,0
7.862307081712308,2,4291,162,149,21367,3389,8,1
13.866900949555049,0,2633,4539,53,22,22,0,0
0.0,2,15399,70,192,28518,8080,3,1
5.826624710623886,0,1224,1596,19,21054,80,0,0
17.050188945797334,0,1171,2475,39,32365,443,1,0
2.7212513119508177,0,3349,1675,28,10965,53,0,0
0.0,2,11433,123,249,55712,135,12,1
1.1605246445563024,2,4953,164,160,27996,135,8,1
24.355157110880818,0,3491,7354,31,22,53,0,0
18.89836258479704,0,1668,3871,19,22,80,0,0
3.3281013041259655,1,2433,4380,58,80,80,0,0
5.0755647265324,2,3461,49,149,12641,139,6,1
29.43933622370303,0,943,2782,10,80,80,0,0
0.49032089572124793,0,2928,268,133,52269,3389,10,1
3.5662409550679377,1,52952,385,408,39965,25,7,1
1.2062825563103112,2,35781,257,134,33291,445,8,1
1.7521354380051133,2,5647,487,5,52821,139,3,1
12.254677176784124,0,781,12370,32,22,80,0,0
3.386714436713728,0,2005,5303,6,443,53,0,0
1.7319649928093912,0,19645,212,323,65303,23,2,1
5.546762451401552,1,635,5514,2,22,443,0,0
18.894775653096247,1,4509,4703,32,22,22,0,0
17.63660542751629,0,3719,1515,2,443,443,1,0
4.614396506230683,2,122309,115,67,25645,25,2,1
2.3748669503031534,2,5041,32,329,52171,445,4,1
0.0,2,24158,426,194,25308,139,7,1
9.811474024907678,1,482,4593,60,17334,53,0,0
0.0,1,28362,102,227,15755,25,6,1
19.757377366606743,0,1076,853,2,443,80,0,0
20.114130299290036,0,1122,7392,34,443,80,0,0
9.945585887366798,1,1220,2091,24,443,53,0,0
5.017381989058028,2,52500,450,232,8551,23,9,1
25.559532434996253,0,1348,2810,45,443,53,0,0
16.695824714600477,0,522,2035,37,22,22,0,0
0.5220897117242043,2,71824,108,140,27216,23,7,1
12.425072559015216,0,11322,2670,26,22,53,0,0
0.0,0,1648,5213,22,22,80,0,0
12.557101848030468,0,673,832,52,22,80,0,0
8.433459588172836,2,12607,112,195,5597,25,3,1
23.11736896298676,0,1699,10272,62,22,443,0,0
13.903496139129508,0,2345,1139,29,22,53,0,0
0.0,0,6480,101,259,2166,445,4,1
2.99056860742859,1,14294,243,291,3009,23,11,1
15.637057894430823,0,1114,1877,27,443,443,0,0
5.979461110483886,2,6617,30,204,43424,3389,12,1
28.45168808188652,1,1512,1502,35,22,53,0,0
0.49361592863577153,2,8250,176,139,19880,139,10,1
0.0,0,2151,4521,48,22,80,0,0
20.109290815509933,0,1586,1448,27,80,80,0,0
5.659202355979423,0,5096,125,114,4639,23,8,1
2.493736681020266,0,13231,20,139,38206,139,2,1
4.537506217440198,1,6368,335,216,39795,135,7,1
4.937586390912875,0,6622,68,5,31268,139,9,1
11.42327451735165,1,1412,13753,29,22,53,0,0
20.663910904989045,0,466,1921,29,80,80,0,0
0.8953891781952907,2,20175,20,207,44400,139,4,1
0.0,0,815,5194,21,80,53,0,0
17.184975632906134,0,562,4361,53,2847,53,0,0
4.226998394933554,0,5448,65,200,61951,21,9,1
16.09531778441957,0,6530,5163,25,443,53,0,0
1.4100235632473541,2,6969,58,245,21549,445,9,1
6.643853896495552,2,26908,39,27,9752,139,2,1
4.227446645216135,1,17332,60,430,55044,3389,3,1
12.996067701009565,1,1521,4462,7,29024,22,0,0
28.84790244784836,0,1437,1655,5,80,53,0,0
2.757828708206196,2,36092,50,142,26914,135,3,1
14.563371354331423,0,1570,3461,38,443,80,0,0
19.276584178646424,0,4200,1572,40,443,443,0,0
19.21099963306218,0,2572,1158,21,40496,53,0,0
2.9150197674448215,0,10271,94,389,22374,21,7,1
33.173710979398244,0,1197,3499,9,22,443,0,0
21.46284415826952,1,2071,1263,22,80,22,0,0
11.501103058616776,1,2767,2219,33,443,443,0,0
0.40856214949742453,0,3851,74,305,14667,445,10,1
5.200021404332816,1,4729,36,179,47130,25,8,1
9.712525935839462,1,3812,5620,51,443,53,0,0
34.30803318723089,0,1701,2540,17,80,443,0,0
1.5496318931506692,2,90369,213,210,60087,21,8,1
15.970286848011781,0,670,2933,41,27268,53,0,0
4.687328440144377,0,10619,387,100,43003,139,11,1
16.056000863310736,0,2166,1962,66,22,443,0,0
12.857766348369118,2,961,3809,32,5149,443,0,0
13.356225055643078,0,2070,6481,41,22,443,0,0
6.838321823640354,1,6632,202,96,7632,21,6,1
26.88943915987639,0,1274,2658,41,22,80,0,0
0.0,1,152172,37,257,56561,21,4,1
20.577709991186108,0,460,1407,25,8839,53,0,0
7.312594653861781,0,3052,4055,35,7971,22,0,0
13.078021117643285,2,1164,8917,23,443,80,0,0
17.94865956353789,0,1417,2467,36,80,53,0,0
8.074645441181126,2,36612,266,87,56575,25,3,1
4.956983756587771,0,5798,75,171,20793,445,11,1
25.461924342822407,1,525,6846,33,443,53,0,0
10.37306276071335,2,1568,5246,42,22,53,0,0
17.025624462545814,0,1199,5311,53,21712,80,1,0
30.68964019590612,0,1419,14402,16,80,443,2,0
5.16436750723569,2,13781,57,57,16152,3389,3,1
23.03648579040074,2,1264,3248,42,80,22,0,0
4.246934178780823,2,11576,30,201,36735,135,12,1
0.0,1,928,2576,37,22,443,0,0
12.286353354908503,0,749,3327,51,22,80,0,0
12.863050580096694,0,1146,1982,52,80,80,0,0
0.0,1,5328,69,308,53552,135,2,1
4.590289921616275,1,8624,290,245,47609,135,11,1
26.428505139516336,0,1560,4798,49,80,22,0,0
11.865138836905643,0,966,2589,37,22,80,0,0
35.19268629014756,0,1248,3806,20,443,53,0,0
5.784606729745165,2,13326,186,301,55914,3389,5,1
15.475740660497397,0,2216,2631,15,80,22,0,0
23.770341183892295,2,1237,10932,21,22,443,0,0
10.265804866224208,0,13952,126,5,60169,139,4,1
5.787775699826176,1,15816,25,6,33891,135,3,1
11.087526961674538,1,1079,3181,26,443,80,0,0
20.128924510491476,0,3081,5756,16,22,80,1,0
3.7194977951537513,2,10343,46,222,335,21,5,1
25.973608902186143,0,1227,5714,28,80,53,0,0
0.36970402215242615,0,731,2055,26,17012,80,0,0
0.0,1,8333,62,37,61272,23,2,1
4.0653313697211235,0,2577,1769,25,443,80,0,0
4.697260843970929,1,43820,390,166,48373,445,11,1
1.1997300214792983,2,9972,84,96,58063,445,12,1
0.0,2,24545,71,43,38958,445,10,1
26.38557142818328,1,2271,3306,2,80,53,0,0
2.6044641229022614,2,7495,20,230,50639,3389,12,1
12.287574258647469,2,2093,41,150,29168,139,5,1
8.446136644475082,0,2521,2144,40,443,22,0,0
1.8276046619626534,0,10515,22,246,19629,135,5,1
19.13017736587685,0,1804,1022,52,80,53,0,0
1.6507935351419933,0,23843,189,94,5688,445,7,1
0.5064901350952487,1,46976,251,211,34205,25,6,1
4.979568143727495,0,13343,89,359,44779,25,3,1
13.131453337191731,1,1124,4280,65,443,53,0,0
22.113071439615453,0,1686,4336,2,443,443,0,0
4.925125755489674,0,42003,163,308,20800,23,9,1
10.002677401667516,0,1157,769,22,40463,22,0,0
10.847338642000318,2,13319,26,287,18761,25,5,1
15.155289305690825,0,1097,2678,40,22,80,0,0
5.805810368721289,2,12875,1083,248,37697,135,5,1
13.997094585671057,0,836,1178,40,80,53,0,0
11.688117942647086,2,3920,61,72,6546,25,6,1
12.208018859316365,1,905,983,51,443,80,0,0
3.633390077661969,2,16893,233,5,34647,139,10,1
0.0,2,14186,128,114,12071,21,2,1
4.753811999901683,1,20985,44,153,53248,445,2,1
20.062256815577914,1,663,3780,23,22,443,0,0
4.809646513888515,1,431,722,18,80,53,0,0
0.0,0,7347,20,25,14290,21,2,1
15.031544155447605,1,432,2783,37,11390,443,0,0
8.722518096737154,2,7979,38,5,60492,25,10,1
15.495097698456272,0,1502,1249,32,443,22,0,0
21.271006457387646,0,8744,33401,28,59744,443,0,0
36.94852852266771,0,812,3174,55,443,80,0,0
4.435406008724958,2,15792,28,116,17895,8080,4,1
0.0,0,1390,1028,43,27139,22,0,0
33.34084253926052,1,1452,3861,24,443,443,0,0
0.0,2,12725,223,149,26682,23,3,1
6.27787888305399,2,3758,38,168,35257,445,5,1
17.892968624067922,0,2090,1669,49,22,53,0,0
0.0,1,6889,171,254,21822,21,4,1
27.080956919780316,0,5781,12880,52,443,53,1,0
19.502455660147795,0,783,2001,52,22,22,0,0
28.060662814161212,0,758,2773,26,80,22,0,0
0.0,1,17566,86,136,24925,25,5,1
3.6093868149605277,2,5211,47,220,23754,135,2,1
19.141534821417718,0,517,8288,56,80,443,0,0
15.630959017823507,0,2006,4060,41,27952,443,0,0
6.93409250932203,0,1048,673,28,443,22,0,0
7.714687938690783,1,2080,1339,59,22,443,0,0
0.0,2,17406,23,187,49112,135,8,1
18.413728313195264,0,906,8201,32,6787,80,0,0
17.080810643818193,1,579,17629,4,443,22,0,0
30.186723484087018,1,1554,9041,32,80,22,1,0
16.708173079114594,0,2193,1974,41,443,53,0,0
15.3105228010309,0,3699,1071,44,80,443,0,0
